_id,name,type,given_name,family_name,primary_email_address,state,credential,addresses,phone_numbers,email_addresses,createdAt,updatedAt,__v,birth_date,gender,notes,primary_phone_number,img_url,clinics,age,visit_frequency
6baaea4a-d848-4b72-ac16-cc5f53612f23,Frank Camarena,677c23b98f6e833059afaee0,Frank,Camarena,frank@email.com,ACTIVE,c6344a7b-fe33-4b90-80e4-31cabad1d32c,"[{'street_address': '123 Main St', 'city': 'Springfield', 'state': 'Illinois', 'postal_code': '62701', 'country_code': 'US', 'type': 'home'}]","[{'number': '123456789', 'type': 'mobile'}]","[{'number': '123456789', 'type': 'mobile'}]",2025-01-06 18:59:44.432,2025-01-07 18:54:00.362,0,1980-01-01,MALE,Aditional notes,123456789,https://res.cloudinary.com/deflfnoba/image/upload/v1736276038/DentalRainMaker/zqutozjhyig00ef2sbhb.jpg,,45.0,1
f3cd79e5-326f-4c62-840d-eb3dc6e72328,Dean Castro,677c23b98f6e833059afaee3,Dean,Castro,kthornton@gmail.com,ACTIVE,3d34348e-d466-4d7e-b8f3-d994c7c2190c,"[{'street_address': '123 Main St', 'city': 'Springfield', 'state': 'Illinois', 'postal_code': '62701', 'country_code': 'US', 'type': 'home'}]","[{'number': '123456789', 'type': 'mobile'}]","[{'address': 'kthornton@gmail.com', 'type': 'work'}]",2025-01-06 19:24:36.163,2025-01-10 12:39:29.237,0,1980-01-01,OTHER,Aditional notes,123456789,,['99ff61b3-8969-490c-9931-a4549378b4ab'],45.0,1
e076ab75-ba09-41b3-9f2c-e6a43fe7bb63,Richard Lin,677c23b98f6e833059afaee3,Richard,Lin,booneguy@yahoo.com,ACTIVE,fdaa2468-0e47-4bbc-a01a-4d5962674044,"[{'street_address': '123 Main St', 'city': 'Springfield', 'state': 'Illinois', 'postal_code': '62701', 'country_code': 'US', 'type': 'home'}]","[{'number': '123456789', 'type': 'mobile'}]","[{'address': 'booneguy@yahoo.com', 'type': 'work'}]",2025-01-06 19:24:36.432,2025-01-10 12:39:29.394,0,1980-01-01,FEMALE,Aditional notes,123456789,,['2e8ecac2-db84-417b-8d07-a5749f15ce43'],45.0,1
0c4aa42a-28f1-494f-8de0-f54683cdbbf2,Alicia Velazquez,677c23b98f6e833059afaee3,Alicia,Velazquez,gregory11@reid.org,ACTIVE,1219059c-4132-478e-ad3e-9d2c4415ce2a,"[{'street_address': '123 Main St', 'city': 'Springfield', 'state': 'Illinois', 'postal_code': '62701', 'country_code': 'US', 'type': 'home'}]","[{'number': '123456789', 'type': 'mobile'}]","[{'address': 'gregory11@reid.org', 'type': 'work'}]",2025-01-06 19:24:36.701,2025-01-10 12:39:29.558,0,1980-01-01,FEMALE,Aditional notes,123456789,,['ea20e6f0-363f-42f6-8ac6-213e8ae0c1e4'],45.0,1
de03453b-08a0-4a87-84eb-e473f88d62cd,Lisa Moyer,677c23b98f6e833059afaee3,Lisa,Moyer,john92@santiago-shepherd.com,ACTIVE,3ab6ebc6-fc55-402b-8e93-4f305d77e999,"[{'street_address': '123 Main St', 'city': 'Springfield', 'state': 'Illinois', 'postal_code': '62701', 'country_code': 'US', 'type': 'home'}]","[{'number': '123456789', 'type': 'mobile'}]","[{'address': 'john92@santiago-shepherd.com', 'type': 'work'}]",2025-01-06 19:24:36.970,2025-01-10 12:39:29.728,0,1980-01-01,MALE,Aditional notes,123456789,,['cfcac18c-f46b-410a-9fad-dd9778955387'],45.0,1
8c5bfaf2-4f02-4b8a-9268-a600d81c73a2,Michael Montes,677c23b98f6e833059afaee3,Michael,Montes,joshuapugh@hotmail.com,ACTIVE,b119014d-33ea-4dd9-b31e-f40703590782,"[{'street_address': '123 Main St', 'city': 'Springfield', 'state': 'Illinois', 'postal_code': '62701', 'country_code': 'US', 'type': 'home'}]","[{'number': '123456789', 'type': 'mobile'}]","[{'address': 'joshuapugh@hotmail.com', 'type': 'work'}]",2025-01-06 19:24:37.239,2025-01-10 12:39:29.893,0,1980-01-01,OTHER,Aditional notes,123456789,,['ea20e6f0-363f-42f6-8ac6-213e8ae0c1e4'],45.0,1
6238c859-937a-4481-9c4a-35ebc223d862,Christine Hall,677c23b98f6e833059afaee3,Christine,Hall,nicole87@yahoo.com,ACTIVE,2c1b8c65-5101-43e3-88e4-ce339904ef41,"[{'street_address': '123 Main St', 'city': 'Springfield', 'state': 'Illinois', 'postal_code': '62701', 'country_code': 'US', 'type': 'home'}]","[{'number': '123456789', 'type': 'mobile'}]","[{'address': 'nicole87@yahoo.com', 'type': 'work'}]",2025-01-06 19:24:37.515,2025-01-10 12:39:30.060,0,1980-01-01,FEMALE,Aditional notes,123456789,,['b0516ea5-e995-4f98-ab14-a8a7cb579c22'],45.0,1
65ae9e20-9fd3-47c2-bd7c-8db6f10e75fa,David Grant,677c23b98f6e833059afaee3,David,Grant,charlesgonzales@hotmail.com,ACTIVE,73a14314-98ef-44be-a38d-73d008e00438,"[{'street_address': '123 Main St', 'city': 'Springfield', 'state': 'Illinois', 'postal_code': '62701', 'country_code': 'US', 'type': 'home'}]","[{'number': '123456789', 'type': 'mobile'}]","[{'address': 'charlesgonzales@hotmail.com', 'type': 'work'}]",2025-01-06 19:24:37.787,2025-01-10 12:39:30.225,0,1980-01-01,MALE,Aditional notes,123456789,,['ea20e6f0-363f-42f6-8ac6-213e8ae0c1e4'],45.0,1
44d93fe9-da33-4861-a462-071bd4c8f9a9,Crystal Eaton,677c23b98f6e833059afaee3,Crystal,Eaton,ubrown@hotmail.com,ACTIVE,662800e7-17d9-4666-a679-6b04b8ca483e,"[{'street_address': '123 Main St', 'city': 'Springfield', 'state': 'Illinois', 'postal_code': '62701', 'country_code': 'US', 'type': 'home'}]","[{'number': '123456789', 'type': 'mobile'}]","[{'address': 'ubrown@hotmail.com', 'type': 'work'}]",2025-01-06 19:24:38.061,2025-01-10 12:39:30.387,0,1980-01-01,OTHER,Aditional notes,123456789,,['2e8ecac2-db84-417b-8d07-a5749f15ce43'],45.0,1
a3c9cf8f-7bc7-42a8-b11a-e20f0e12bf9c,Jacob Sullivan,677c23b98f6e833059afaee3,Jacob,Sullivan,jessewallace@taylor.com,ACTIVE,af7ae230-6470-478b-800e-55de6567e135,"[{'street_address': '123 Main St', 'city': 'Springfield', 'state': 'Illinois', 'postal_code': '62701', 'country_code': 'US', 'type': 'home'}]","[{'number': '123456789', 'type': 'mobile'}]","[{'address': 'jessewallace@taylor.com', 'type': 'work'}]",2025-01-06 19:24:38.339,2025-01-10 12:39:30.542,0,1980-01-01,FEMALE,Aditional notes,123456789,,['b0516ea5-e995-4f98-ab14-a8a7cb579c22'],45.0,1
479dbb1c-e37c-4123-91ed-22e4846d0af6,Gina Moore,677c23b98f6e833059afaee3,Gina,Moore,zwilson@coleman-frazier.com,ACTIVE,9d94d801-1dcb-4e92-90fb-66f3a94e5565,"[{'street_address': '123 Main St', 'city': 'Springfield', 'state': 'Illinois', 'postal_code': '62701', 'country_code': 'US', 'type': 'home'}]","[{'number': '123456789', 'type': 'mobile'}]","[{'address': 'zwilson@coleman-frazier.com', 'type': 'work'}]",2025-01-06 19:24:38.616,2025-01-10 12:39:30.703,0,1980-01-01,OTHER,Aditional notes,123456789,,['2e8ecac2-db84-417b-8d07-a5749f15ce43'],45.0,1
f967ef0f-a203-41b8-9f1e-3b65ec84a594,James Boone,677c23b98f6e833059afaee3,James,Boone,randall78@foley.org,ACTIVE,b9604086-0613-455b-ade5-ad54c01423ed,"[{'street_address': '123 Main St', 'city': 'Springfield', 'state': 'Illinois', 'postal_code': '62701', 'country_code': 'US', 'type': 'home'}]","[{'number': '123456789', 'type': 'mobile'}]","[{'address': 'randall78@foley.org', 'type': 'work'}]",2025-01-06 19:24:38.887,2025-01-10 12:39:30.863,0,1980-01-01,FEMALE,Aditional notes,123456789,,['2e8ecac2-db84-417b-8d07-a5749f15ce43'],45.0,1
918c8a9f-bd4d-4919-a4a2-672b702eac03,Kristin Nixon,677c23b98f6e833059afaee3,Kristin,Nixon,cruzlindsey@cannon.com,ACTIVE,40edce14-cfe7-427c-bb66-b45776738c89,"[{'street_address': '123 Main St', 'city': 'Springfield', 'state': 'Illinois', 'postal_code': '62701', 'country_code': 'US', 'type': 'home'}]","[{'number': '123456789', 'type': 'mobile'}]","[{'address': 'cruzlindsey@cannon.com', 'type': 'work'}]",2025-01-06 19:24:39.168,2025-01-10 12:39:31.024,0,1980-01-01,OTHER,Aditional notes,123456789,,['2e8ecac2-db84-417b-8d07-a5749f15ce43'],45.0,1
db306e29-5a55-49f0-849c-8f512df07109,Jeffrey Barnett,677c23b98f6e833059afaee3,Jeffrey,Barnett,webbcalvin@murphy-lopez.com,ACTIVE,d39233f1-5435-4aab-bcad-4d604a7599ee,"[{'street_address': '123 Main St', 'city': 'Springfield', 'state': 'Illinois', 'postal_code': '62701', 'country_code': 'US', 'type': 'home'}]","[{'number': '123456789', 'type': 'mobile'}]","[{'address': 'webbcalvin@murphy-lopez.com', 'type': 'work'}]",2025-01-06 19:24:39.452,2025-01-10 12:39:31.201,0,1980-01-01,MALE,Aditional notes,123456789,,['b0516ea5-e995-4f98-ab14-a8a7cb579c22'],45.0,1
b23aa816-c372-4a69-aca4-68a702fde258,Krystal Horne,677c23b98f6e833059afaee3,Krystal,Horne,mendozaangela@yahoo.com,ACTIVE,74f54e8e-9116-4d84-b648-df89597e461e,"[{'street_address': '123 Main St', 'city': 'Springfield', 'state': 'Illinois', 'postal_code': '62701', 'country_code': 'US', 'type': 'home'}]","[{'number': '123456789', 'type': 'mobile'}]","[{'address': 'mendozaangela@yahoo.com', 'type': 'work'}]",2025-01-06 19:24:39.719,2025-01-10 12:39:31.368,0,1980-01-01,FEMALE,Aditional notes,123456789,,['b0516ea5-e995-4f98-ab14-a8a7cb579c22'],45.0,1
3e2714c8-6d71-4a98-82ac-561a0378cce0,Jeffrey Beck,677c23b98f6e833059afaee3,Jeffrey,Beck,kristina37@williams.com,ACTIVE,89b011b8-7715-4729-9f9f-663a9bbd72c4,"[{'street_address': '123 Main St', 'city': 'Springfield', 'state': 'Illinois', 'postal_code': '62701', 'country_code': 'US', 'type': 'home'}]","[{'number': '123456789', 'type': 'mobile'}]","[{'address': 'kristina37@williams.com', 'type': 'work'}]",2025-01-06 19:24:39.986,2025-01-10 12:39:31.535,0,1980-01-01,FEMALE,Aditional notes,123456789,,['2e8ecac2-db84-417b-8d07-a5749f15ce43'],45.0,1
c248e18c-5d37-4ec9-a856-b7b3b0daff78,Megan Simpson,677c23b98f6e833059afaee3,Megan,Simpson,ariley@gmail.com,ACTIVE,3b5d3bc5-95ea-4ce3-a146-c21c71929912,"[{'street_address': '123 Main St', 'city': 'Springfield', 'state': 'Illinois', 'postal_code': '62701', 'country_code': 'US', 'type': 'home'}]","[{'number': '123456789', 'type': 'mobile'}]","[{'address': 'ariley@gmail.com', 'type': 'work'}]",2025-01-06 19:24:40.273,2025-01-10 12:39:31.696,0,1980-01-01,OTHER,Aditional notes,123456789,,['99ff61b3-8969-490c-9931-a4549378b4ab'],45.0,1
fb2a3a01-6579-4a8e-8cba-3f07d824a80f,Brandon Simmons,677c23b98f6e833059afaee3,Brandon,Simmons,martinshannon@santana-ross.com,ACTIVE,6eadb27a-3963-40c9-a153-25c00b3e8cf9,"[{'street_address': '123 Main St', 'city': 'Springfield', 'state': 'Illinois', 'postal_code': '62701', 'country_code': 'US', 'type': 'home'}]","[{'number': '123456789', 'type': 'mobile'}]","[{'address': 'martinshannon@santana-ross.com', 'type': 'work'}]",2025-01-06 19:24:40.556,2025-01-10 12:39:31.857,0,1980-01-01,OTHER,Aditional notes,123456789,,['ea20e6f0-363f-42f6-8ac6-213e8ae0c1e4'],45.0,1
6bfd4aaf-3cb2-4a23-bdc9-c49f85eef3a3,Benjamin Ford,677c23b98f6e833059afaee3,Benjamin,Ford,bsanchez@hotmail.com,ACTIVE,4f10e83f-bae7-4a43-b5ca-9f6e472f64b6,"[{'street_address': '123 Main St', 'city': 'Springfield', 'state': 'Illinois', 'postal_code': '62701', 'country_code': 'US', 'type': 'home'}]","[{'number': '123456789', 'type': 'mobile'}]","[{'address': 'bsanchez@hotmail.com', 'type': 'work'}]",2025-01-06 19:24:40.845,2025-01-10 12:39:32.016,0,1980-01-01,OTHER,Aditional notes,123456789,,['99ff61b3-8969-490c-9931-a4549378b4ab'],45.0,1
4f0a94f3-3ad1-44a5-a0ca-282d3b945296,Yolanda Taylor,677c23b98f6e833059afaee3,Yolanda,Taylor,jeffreysheppard@gmail.com,ACTIVE,bee3d7e7-ff74-4121-a311-78a2ae3b36c0,"[{'street_address': '123 Main St', 'city': 'Springfield', 'state': 'Illinois', 'postal_code': '62701', 'country_code': 'US', 'type': 'home'}]","[{'number': '123456789', 'type': 'mobile'}]","[{'address': 'jeffreysheppard@gmail.com', 'type': 'work'}]",2025-01-06 19:24:41.120,2025-01-10 12:39:32.176,0,1980-01-01,OTHER,Aditional notes,123456789,,['ea20e6f0-363f-42f6-8ac6-213e8ae0c1e4'],45.0,1
c9a8fba9-4d5c-4709-a0a3-a76d027878e4,Doris Atkins,677c23b98f6e833059afaee3,Doris,Atkins,elaineperez@li-calderon.biz,ACTIVE,b71f776c-c7bd-4d42-be4e-ed2087724002,"[{'street_address': '123 Main St', 'city': 'Springfield', 'state': 'Illinois', 'postal_code': '62701', 'country_code': 'US', 'type': 'home'}]","[{'number': '123456789', 'type': 'mobile'}]","[{'address': 'elaineperez@li-calderon.biz', 'type': 'work'}]",2025-01-06 19:24:41.418,2025-01-10 12:39:32.342,0,1980-01-01,FEMALE,Aditional notes,123456789,,['cfcac18c-f46b-410a-9fad-dd9778955387'],45.0,1
5a3d9768-ec3c-4c2e-9568-5df2352c259c,Jerry Booker,677c23b98f6e833059afaee3,Jerry,Booker,kwarner@yahoo.com,ACTIVE,b2007b79-56d5-493b-ac2a-53b637d9fa33,"[{'street_address': '123 Main St', 'city': 'Springfield', 'state': 'Illinois', 'postal_code': '62701', 'country_code': 'US', 'type': 'home'}]","[{'number': '123456789', 'type': 'mobile'}]","[{'address': 'kwarner@yahoo.com', 'type': 'work'}]",2025-01-06 19:24:41.694,2025-01-10 12:39:32.504,0,1980-01-01,MALE,Aditional notes,123456789,,['ea20e6f0-363f-42f6-8ac6-213e8ae0c1e4'],45.0,1
15acb43f-ec14-4532-8623-4a92a92e878c,Natalie Hayden,677c23b98f6e833059afaee3,Natalie,Hayden,wilsonisaiah@hotmail.com,ACTIVE,5a95e865-07c8-4367-98e3-28abbd010fd8,"[{'street_address': '123 Main St', 'city': 'Springfield', 'state': 'Illinois', 'postal_code': '62701', 'country_code': 'US', 'type': 'home'}]","[{'number': '123456789', 'type': 'mobile'}]","[{'address': 'wilsonisaiah@hotmail.com', 'type': 'work'}]",2025-01-06 19:24:41.967,2025-01-10 12:39:32.664,0,1980-01-01,FEMALE,Aditional notes,123456789,,['cfcac18c-f46b-410a-9fad-dd9778955387'],45.0,1
8961c2ed-e51a-4740-a0f2-2d0cdfe064bb,Danny Shaw,677c23b98f6e833059afaee3,Danny,Shaw,wbaker@torres.com,ACTIVE,b99ada6d-f0a0-4289-a9fc-463cd077c59f,"[{'street_address': '123 Main St', 'city': 'Springfield', 'state': 'Illinois', 'postal_code': '62701', 'country_code': 'US', 'type': 'home'}]","[{'number': '123456789', 'type': 'mobile'}]","[{'address': 'wbaker@torres.com', 'type': 'work'}]",2025-01-06 19:24:42.246,2025-01-10 12:39:32.823,0,1980-01-01,MALE,Aditional notes,123456789,,['b0516ea5-e995-4f98-ab14-a8a7cb579c22'],45.0,1
9be63c7c-ce25-4c70-8b8a-8434ee9860af,Stacy Potts,677c23b98f6e833059afaee3,Stacy,Potts,yellison@moore-myers.info,ACTIVE,7c16d947-ce7f-47a6-a7ce-eff3a1fd64f0,"[{'street_address': '123 Main St', 'city': 'Springfield', 'state': 'Illinois', 'postal_code': '62701', 'country_code': 'US', 'type': 'home'}]","[{'number': '123456789', 'type': 'mobile'}]","[{'address': 'yellison@moore-myers.info', 'type': 'work'}]",2025-01-06 19:24:42.519,2025-01-10 12:39:32.980,0,1980-01-01,MALE,Aditional notes,123456789,,['b0516ea5-e995-4f98-ab14-a8a7cb579c22'],45.0,1
39dd20ee-07eb-4814-a57e-bc73557c821b,Hunter Bird,677c23b98f6e833059afaee3,Hunter,Bird,nathan33@hotmail.com,ACTIVE,53a6f3f6-b5f7-43db-badf-8ca0fbe63660,"[{'street_address': '123 Main St', 'city': 'Springfield', 'state': 'Illinois', 'postal_code': '62701', 'country_code': 'US', 'type': 'home'}]","[{'number': '123456789', 'type': 'mobile'}]","[{'address': 'nathan33@hotmail.com', 'type': 'work'}]",2025-01-06 19:24:42.791,2025-01-10 12:39:33.139,0,1980-01-01,OTHER,Aditional notes,123456789,,['cfcac18c-f46b-410a-9fad-dd9778955387'],45.0,1
f4f6b018-183b-4d0e-ba17-353de3ec0d03,Malik Mitchell,677c23b98f6e833059afaee3,Malik,Mitchell,rebeccaduffy@butler.com,ACTIVE,b7e6d7b7-d72a-4a80-b21e-adbd2e1e079a,"[{'street_address': '123 Main St', 'city': 'Springfield', 'state': 'Illinois', 'postal_code': '62701', 'country_code': 'US', 'type': 'home'}]","[{'number': '123456789', 'type': 'mobile'}]","[{'address': 'rebeccaduffy@butler.com', 'type': 'work'}]",2025-01-06 19:24:43.072,2025-01-10 12:39:33.299,0,1980-01-01,OTHER,Aditional notes,123456789,,['cfcac18c-f46b-410a-9fad-dd9778955387'],45.0,1
d8bf7d6a-233a-42ff-b4bc-a0428a40f786,Curtis Chavez,677c23b98f6e833059afaee3,Curtis,Chavez,xwarner@gmail.com,ACTIVE,375c1648-b33a-4c2c-b8dd-f58fd6cd7ae4,"[{'street_address': '123 Main St', 'city': 'Springfield', 'state': 'Illinois', 'postal_code': '62701', 'country_code': 'US', 'type': 'home'}]","[{'number': '123456789', 'type': 'mobile'}]","[{'address': 'xwarner@gmail.com', 'type': 'work'}]",2025-01-06 19:24:43.350,2025-01-10 12:39:33.458,0,1980-01-01,FEMALE,Aditional notes,123456789,,['99ff61b3-8969-490c-9931-a4549378b4ab'],45.0,1
65d435d8-71df-4dee-8f54-8b8b310bd236,Pamela Mcbride,677c23b98f6e833059afaee3,Pamela,Mcbride,zsanchez@kelly.com,ACTIVE,adf5b190-c3a7-419d-8f96-782322892745,"[{'street_address': '123 Main St', 'city': 'Springfield', 'state': 'Illinois', 'postal_code': '62701', 'country_code': 'US', 'type': 'home'}]","[{'number': '123456789', 'type': 'mobile'}]","[{'address': 'zsanchez@kelly.com', 'type': 'work'}]",2025-01-06 19:24:43.638,2025-01-10 12:39:33.611,0,1980-01-01,OTHER,Aditional notes,123456789,,['99ff61b3-8969-490c-9931-a4549378b4ab'],45.0,1
064d733a-3997-4b54-b2ec-d8900eb321ca,Yvette Brandt,677c23b98f6e833059afaee3,Yvette,Brandt,alloyd@gmail.com,ACTIVE,7ef11e33-6dd9-4588-9c6d-16d05abe9133,"[{'street_address': '123 Main St', 'city': 'Springfield', 'state': 'Illinois', 'postal_code': '62701', 'country_code': 'US', 'type': 'home'}]","[{'number': '123456789', 'type': 'mobile'}]","[{'address': 'alloyd@gmail.com', 'type': 'work'}]",2025-01-06 19:24:43.910,2025-01-10 12:39:33.774,0,1980-01-01,FEMALE,Aditional notes,123456789,,['cfcac18c-f46b-410a-9fad-dd9778955387'],45.0,1
bc8911c4-07b6-4097-b575-e90f1b600b8b,Lisa Smith,677c23b98f6e833059afaee3,Lisa,Smith,iwatson@gmail.com,ACTIVE,c8d01053-4353-4226-9de4-52a60ded317f,"[{'street_address': '123 Main St', 'city': 'Springfield', 'state': 'Illinois', 'postal_code': '62701', 'country_code': 'US', 'type': 'home'}]","[{'number': '123456789', 'type': 'mobile'}]","[{'address': 'iwatson@gmail.com', 'type': 'work'}]",2025-01-06 19:24:44.182,2025-01-10 12:39:33.937,0,1980-01-01,MALE,Aditional notes,123456789,,['ea20e6f0-363f-42f6-8ac6-213e8ae0c1e4'],45.0,1
f9b646b2-0c0d-4994-81aa-12fa3afc4148,Crystal Ward,677c23b98f6e833059afaee3,Crystal,Ward,crystal67@ford.com,ACTIVE,efa94852-12fd-4f52-9316-ef5fdb84ed6f,"[{'street_address': '123 Main St', 'city': 'Springfield', 'state': 'Illinois', 'postal_code': '62701', 'country_code': 'US', 'type': 'home'}]","[{'number': '123456789', 'type': 'mobile'}]","[{'address': 'crystal67@ford.com', 'type': 'work'}]",2025-01-06 19:24:44.455,2025-01-10 12:39:34.102,0,1980-01-01,OTHER,Aditional notes,123456789,,['cfcac18c-f46b-410a-9fad-dd9778955387'],45.0,1
3b66c465-ea9a-44e7-aeea-f20cc4faf964,Janice Long,677c23b98f6e833059afaee3,Janice,Long,cassie28@tucker-murillo.org,ACTIVE,b2c8ad9f-f98b-4b81-be7c-54a348b01954,"[{'street_address': '123 Main St', 'city': 'Springfield', 'state': 'Illinois', 'postal_code': '62701', 'country_code': 'US', 'type': 'home'}]","[{'number': '123456789', 'type': 'mobile'}]","[{'address': 'cassie28@tucker-murillo.org', 'type': 'work'}]",2025-01-06 19:24:44.727,2025-01-10 12:39:34.257,0,1980-01-01,MALE,Aditional notes,123456789,,['cfcac18c-f46b-410a-9fad-dd9778955387'],45.0,1
8e2b235e-c8d9-446f-9ee8-05baea02fb72,Malik Melendez,677c23b98f6e833059afaee3,Malik,Melendez,ycervantes@hotmail.com,ACTIVE,8ca66446-5fb5-45ef-aca4-1b83b0e076a7,"[{'street_address': '123 Main St', 'city': 'Springfield', 'state': 'Illinois', 'postal_code': '62701', 'country_code': 'US', 'type': 'home'}]","[{'number': '123456789', 'type': 'mobile'}]","[{'address': 'ycervantes@hotmail.com', 'type': 'work'}]",2025-01-06 19:24:45.000,2025-01-10 12:39:34.415,0,1980-01-01,FEMALE,Aditional notes,123456789,,['b0516ea5-e995-4f98-ab14-a8a7cb579c22'],45.0,1
4797abb3-cbab-45c7-ac66-ff700b52c584,Travis Sloan,677c23b98f6e833059afaee3,Travis,Sloan,saraklein@tanner.com,ACTIVE,c6ee2909-678f-4bca-a9e7-f7378a941da2,"[{'street_address': '123 Main St', 'city': 'Springfield', 'state': 'Illinois', 'postal_code': '62701', 'country_code': 'US', 'type': 'home'}]","[{'number': '123456789', 'type': 'mobile'}]","[{'address': 'saraklein@tanner.com', 'type': 'work'}]",2025-01-06 19:24:45.277,2025-01-10 12:39:34.576,0,1980-01-01,OTHER,Aditional notes,123456789,,['ea20e6f0-363f-42f6-8ac6-213e8ae0c1e4'],45.0,1
de820210-31a1-449d-b2fd-962fcef12b0c,Elaine Willis,677c23b98f6e833059afaee3,Elaine,Willis,julia16@george.com,ACTIVE,ba2f9e97-a2b7-4569-b114-d2402e71d96e,"[{'street_address': '123 Main St', 'city': 'Springfield', 'state': 'Illinois', 'postal_code': '62701', 'country_code': 'US', 'type': 'home'}]","[{'number': '123456789', 'type': 'mobile'}]","[{'address': 'julia16@george.com', 'type': 'work'}]",2025-01-06 19:24:45.548,2025-01-10 12:39:34.740,0,1980-01-01,OTHER,Aditional notes,123456789,,['ea20e6f0-363f-42f6-8ac6-213e8ae0c1e4'],45.0,1
e5562e5d-093b-4ba2-bcdc-3b2add43d4e7,Rhonda Woods,677c23b98f6e833059afaee3,Rhonda,Woods,hermanpatricia@lutz-schmidt.biz,ACTIVE,9f309bb8-5cfc-420e-becc-3c76cc1220eb,"[{'street_address': '123 Main St', 'city': 'Springfield', 'state': 'Illinois', 'postal_code': '62701', 'country_code': 'US', 'type': 'home'}]","[{'number': '123456789', 'type': 'mobile'}]","[{'address': 'hermanpatricia@lutz-schmidt.biz', 'type': 'work'}]",2025-01-06 19:24:45.822,2025-01-10 12:39:34.910,0,1980-01-01,MALE,Aditional notes,123456789,,['cfcac18c-f46b-410a-9fad-dd9778955387'],45.0,1
42dd5013-c781-4445-a344-7cafc6efbea2,David Gonzalez,677c23b98f6e833059afaee3,David,Gonzalez,sandersconnie@jones-martinez.com,ACTIVE,96fcb848-367b-4180-b2ab-302de15242eb,"[{'street_address': '123 Main St', 'city': 'Springfield', 'state': 'Illinois', 'postal_code': '62701', 'country_code': 'US', 'type': 'home'}]","[{'number': '123456789', 'type': 'mobile'}]","[{'address': 'sandersconnie@jones-martinez.com', 'type': 'work'}]",2025-01-06 19:24:46.101,2025-01-10 12:39:35.068,0,1980-01-01,FEMALE,Aditional notes,123456789,,['ea20e6f0-363f-42f6-8ac6-213e8ae0c1e4'],45.0,1
95d05a31-ebf8-4786-a9d9-970f2298fde3,Oscar Rodriguez,677c23b98f6e833059afaee3,Oscar,Rodriguez,lduncan@hotmail.com,ACTIVE,1e68dc86-05e7-4611-a170-7a6f94834778,"[{'street_address': '123 Main St', 'city': 'Springfield', 'state': 'Illinois', 'postal_code': '62701', 'country_code': 'US', 'type': 'home'}]","[{'number': '123456789', 'type': 'mobile'}]","[{'address': 'lduncan@hotmail.com', 'type': 'work'}]",2025-01-06 19:24:46.378,2025-01-10 12:39:35.227,0,1980-01-01,OTHER,Aditional notes,123456789,,['cfcac18c-f46b-410a-9fad-dd9778955387'],45.0,1
41129e1f-7056-40ac-b514-5c8ba5f84fb9,Tara Martinez,677c23b98f6e833059afaee3,Tara,Martinez,timothyberg@murphy.com,ACTIVE,f5e049b6-994f-4931-8c69-d68893bf714a,"[{'street_address': '123 Main St', 'city': 'Springfield', 'state': 'Illinois', 'postal_code': '62701', 'country_code': 'US', 'type': 'home'}]","[{'number': '123456789', 'type': 'mobile'}]","[{'address': 'timothyberg@murphy.com', 'type': 'work'}]",2025-01-06 19:24:46.655,2025-01-10 12:39:35.385,0,1980-01-01,MALE,Aditional notes,123456789,,['cfcac18c-f46b-410a-9fad-dd9778955387'],45.0,1
0f211991-1415-4f53-b2d0-efda6bfd497a,David Ramos,677c23b98f6e833059afaee3,David,Ramos,kimberly41@hotmail.com,ACTIVE,24dbb0ca-c0e6-43d6-ac13-85cf34832496,"[{'street_address': '123 Main St', 'city': 'Springfield', 'state': 'Illinois', 'postal_code': '62701', 'country_code': 'US', 'type': 'home'}]","[{'number': '123456789', 'type': 'mobile'}]","[{'address': 'kimberly41@hotmail.com', 'type': 'work'}]",2025-01-06 19:24:46.933,2025-01-10 12:39:35.537,0,1980-01-01,FEMALE,Aditional notes,123456789,,['cfcac18c-f46b-410a-9fad-dd9778955387'],45.0,1
46572b0d-36f2-4456-b75c-6c80983e489c,Thomas Mcgrath,677c23b98f6e833059afaee3,Thomas,Mcgrath,ilopez@hill-hernandez.com,ACTIVE,d3e21e66-3522-456c-a828-6bf381707aaf,"[{'street_address': '123 Main St', 'city': 'Springfield', 'state': 'Illinois', 'postal_code': '62701', 'country_code': 'US', 'type': 'home'}]","[{'number': '123456789', 'type': 'mobile'}]","[{'address': 'ilopez@hill-hernandez.com', 'type': 'work'}]",2025-01-06 19:24:47.222,2025-01-10 12:39:35.700,0,1980-01-01,MALE,Aditional notes,123456789,,['cfcac18c-f46b-410a-9fad-dd9778955387'],45.0,1
c1f613bf-f8bd-4b32-ae11-d697f7edabc0,Laura Ramirez,677c23b98f6e833059afaee3,Laura,Ramirez,robert34@yahoo.com,ACTIVE,c2066715-db5c-45be-b23a-ee8305e086c7,"[{'street_address': '123 Main St', 'city': 'Springfield', 'state': 'Illinois', 'postal_code': '62701', 'country_code': 'US', 'type': 'home'}]","[{'number': '123456789', 'type': 'mobile'}]","[{'address': 'robert34@yahoo.com', 'type': 'work'}]",2025-01-06 19:24:47.496,2025-01-10 12:39:35.866,0,1980-01-01,MALE,Aditional notes,123456789,,['b0516ea5-e995-4f98-ab14-a8a7cb579c22'],45.0,1
4c2b8d4d-e35b-4002-9052-a07972e77e32,Ricardo Rivera,677c23b98f6e833059afaee3,Ricardo,Rivera,smithashley@king-joyce.com,ACTIVE,98801127-f050-4fb6-bf5b-41212017bcb9,"[{'street_address': '123 Main St', 'city': 'Springfield', 'state': 'Illinois', 'postal_code': '62701', 'country_code': 'US', 'type': 'home'}]","[{'number': '123456789', 'type': 'mobile'}]","[{'address': 'smithashley@king-joyce.com', 'type': 'work'}]",2025-01-06 19:24:47.772,2025-01-10 12:39:36.029,0,1980-01-01,FEMALE,Aditional notes,123456789,,['ea20e6f0-363f-42f6-8ac6-213e8ae0c1e4'],45.0,1
9aea6980-0b22-4f57-abea-546ea076e6fb,Brandy Fletcher,677c23b98f6e833059afaee3,Brandy,Fletcher,jacquelineharmon@yahoo.com,ACTIVE,aa9f8d8b-0def-46e9-80ba-8d89b7e26564,"[{'street_address': '123 Main St', 'city': 'Springfield', 'state': 'Illinois', 'postal_code': '62701', 'country_code': 'US', 'type': 'home'}]","[{'number': '123456789', 'type': 'mobile'}]","[{'address': 'jacquelineharmon@yahoo.com', 'type': 'work'}]",2025-01-06 19:24:48.056,2025-01-10 12:39:36.221,0,1980-01-01,MALE,Aditional notes,123456789,,['2e8ecac2-db84-417b-8d07-a5749f15ce43'],45.0,1
c5eedda9-6568-4bcf-9ad6-5e052223fcdf,Megan Smith,677c23b98f6e833059afaee3,Megan,Smith,kgoodwin@hotmail.com,ACTIVE,19c82192-bb6d-4c97-b0e3-b552ac498807,"[{'street_address': '123 Main St', 'city': 'Springfield', 'state': 'Illinois', 'postal_code': '62701', 'country_code': 'US', 'type': 'home'}]","[{'number': '123456789', 'type': 'mobile'}]","[{'address': 'kgoodwin@hotmail.com', 'type': 'work'}]",2025-01-06 19:24:48.324,2025-01-10 12:39:36.379,0,1980-01-01,FEMALE,Aditional notes,123456789,,['99ff61b3-8969-490c-9931-a4549378b4ab'],45.0,1
92473da6-587c-4dc2-961d-abf9ce77a2a1,Christina Brown,677c23b98f6e833059afaee3,Christina,Brown,ngregory@yahoo.com,ACTIVE,7b77f127-32f1-4867-84b7-674bf2b55160,"[{'street_address': '123 Main St', 'city': 'Springfield', 'state': 'Illinois', 'postal_code': '62701', 'country_code': 'US', 'type': 'home'}]","[{'number': '123456789', 'type': 'mobile'}]","[{'address': 'ngregory@yahoo.com', 'type': 'work'}]",2025-01-06 19:24:48.604,2025-01-10 12:39:36.537,0,1980-01-01,MALE,Aditional notes,123456789,,['2e8ecac2-db84-417b-8d07-a5749f15ce43'],45.0,1
d297bc03-fbf4-43c0-85f9-7997041ce3cf,Melanie Singh,677c23b98f6e833059afaee3,Melanie,Singh,victoria08@brown.com,ACTIVE,d3c0a30d-ff2e-4a64-b7c0-2f2b4c666cb6,"[{'street_address': '123 Main St', 'city': 'Springfield', 'state': 'Illinois', 'postal_code': '62701', 'country_code': 'US', 'type': 'home'}]","[{'number': '123456789', 'type': 'mobile'}]","[{'address': 'victoria08@brown.com', 'type': 'work'}]",2025-01-06 19:24:48.872,2025-01-10 12:39:36.694,0,1980-01-01,FEMALE,Aditional notes,123456789,,['99ff61b3-8969-490c-9931-a4549378b4ab'],45.0,1
7d826a3a-2162-4ea4-bd17-d23aecbd81c5,Brenda Dennis,677c23b98f6e833059afaee3,Brenda,Dennis,lgutierrez@hotmail.com,ACTIVE,c6e2024b-c06e-4bf3-9c57-3f97e0d5c9da,"[{'street_address': '123 Main St', 'city': 'Springfield', 'state': 'Illinois', 'postal_code': '62701', 'country_code': 'US', 'type': 'home'}]","[{'number': '123456789', 'type': 'mobile'}]","[{'address': 'lgutierrez@hotmail.com', 'type': 'work'}]",2025-01-06 19:24:49.142,2025-01-10 12:39:36.856,0,1980-01-01,MALE,Aditional notes,123456789,,['2e8ecac2-db84-417b-8d07-a5749f15ce43'],45.0,1
da325116-6b20-4085-a9a0-e669f2534ddb,Crystal Cannon,677c23b98f6e833059afaee3,Crystal,Cannon,colejulie@reilly-flores.com,ACTIVE,2d882212-2d70-4bff-80ff-cc90218d8bc0,"[{'street_address': '123 Main St', 'city': 'Springfield', 'state': 'Illinois', 'postal_code': '62701', 'country_code': 'US', 'type': 'home'}]","[{'number': '123456789', 'type': 'mobile'}]","[{'address': 'colejulie@reilly-flores.com', 'type': 'work'}]",2025-01-06 19:24:49.413,2025-01-10 12:39:37.020,0,1980-01-01,MALE,Aditional notes,123456789,,['b0516ea5-e995-4f98-ab14-a8a7cb579c22'],45.0,1
65265cde-0f67-45a4-b5ba-634ea5e9a3fd,David Gutierrez,677c23b98f6e833059afaee3,David,Gutierrez,martinezamber@perez-valenzuela.com,ACTIVE,109a20f3-55b8-4a7f-ae76-f1c2ba9ce86c,"[{'street_address': '123 Main St', 'city': 'Springfield', 'state': 'Illinois', 'postal_code': '62701', 'country_code': 'US', 'type': 'home'}]","[{'number': '123456789', 'type': 'mobile'}]","[{'address': 'martinezamber@perez-valenzuela.com', 'type': 'work'}]",2025-01-06 19:24:49.691,2025-01-10 12:39:37.185,0,1980-01-01,FEMALE,Aditional notes,123456789,,['99ff61b3-8969-490c-9931-a4549378b4ab'],45.0,1
db81551d-7109-4493-bfeb-6cbeca464fea,Rosa Ramírez,677c23b98f6e833059afaee3,Rosa,Ramírez,rosa.ramírez@gmail.com,ACTIVE,de688ae1-dbdc-4817-a5e0-724180ab7bf3,"[{'street_address': '123 Main St', 'city': 'Springfield', 'state': 'Illinois', 'postal_code': '62701', 'country_code': 'US', 'type': 'home'}]","[{'number': '123456789', 'type': 'mobile'}]","[{'address': 'rosa.ramírez@gmail.com', 'type': 'work'}]",2025-01-06 19:24:49.963,2025-01-10 12:39:21.065,0,1980-01-01,FEMALE,Aditional notes,123456789,,['99ff61b3-8969-490c-9931-a4549378b4ab'],45.0,1
bea2b48d-a007-43b0-b38b-d274a62c4075,Elena García,677c23b98f6e833059afaee3,Elena,García,elena.garcía@gmail.com,ACTIVE,bad20965-39cd-4152-9caf-e872b64ff42e,"[{'street_address': '123 Main St', 'city': 'Springfield', 'state': 'Illinois', 'postal_code': '62701', 'country_code': 'US', 'type': 'home'}]","[{'number': '123456789', 'type': 'mobile'}]","[{'address': 'elena.garcía@gmail.com', 'type': 'work'}]",2025-01-06 19:24:50.282,2025-01-10 12:39:27.466,0,1980-01-01,OTHER,Aditional notes,123456789,,['ea20e6f0-363f-42f6-8ac6-213e8ae0c1e4'],45.0,1
0367cf00-0dfa-47c0-be24-4cb06d3edd4b,Luis Silva,677c23b98f6e833059afaee3,Luis,Silva,luis.silva@gmail.com,ACTIVE,d4dcf8d2-045c-4d82-8be2-f31ef1af9746,"[{'street_address': '123 Main St', 'city': 'Springfield', 'state': 'Illinois', 'postal_code': '62701', 'country_code': 'US', 'type': 'home'}]","[{'number': '123456789', 'type': 'mobile'}]","[{'address': 'luis.silva@gmail.com', 'type': 'work'}]",2025-01-06 19:24:50.556,2025-01-10 12:39:21.398,0,1980-01-01,MALE,Aditional notes,123456789,,['ea20e6f0-363f-42f6-8ac6-213e8ae0c1e4'],45.0,1
8c341a73-fd7c-497a-a561-af16b99509ad,Elena Sánchez,677c23b98f6e833059afaee3,Elena,Sánchez,elena.sánchez@gmail.com,ACTIVE,55a01b7f-ca0a-4534-a29b-452f51bda141,"[{'street_address': '123 Main St', 'city': 'Springfield', 'state': 'Illinois', 'postal_code': '62701', 'country_code': 'US', 'type': 'home'}]","[{'number': '123456789', 'type': 'mobile'}]","[{'address': 'elena.sánchez@gmail.com', 'type': 'work'}]",2025-01-06 19:24:50.824,2025-01-10 12:39:21.567,0,1980-01-01,FEMALE,Aditional notes,123456789,,['ea20e6f0-363f-42f6-8ac6-213e8ae0c1e4'],45.0,1
002abd25-153e-4411-a881-7ad9221df135,Carlos Ramírez,677c23b98f6e833059afaee3,Carlos,Ramírez,carlos.ramírez@gmail.com,ACTIVE,3bc6d463-84b8-429d-a9d2-68739a274f9d,"[{'street_address': '123 Main St', 'city': 'Springfield', 'state': 'Illinois', 'postal_code': '62701', 'country_code': 'US', 'type': 'home'}]","[{'number': '123456789', 'type': 'mobile'}]","[{'address': 'carlos.ramírez@gmail.com', 'type': 'work'}]",2025-01-06 19:24:51.095,2025-01-10 12:39:21.736,0,1980-01-01,MALE,Aditional notes,123456789,,['ea20e6f0-363f-42f6-8ac6-213e8ae0c1e4'],45.0,1
5a004182-f209-4b39-80d5-0d532ca8909a,Antonio García,677c23b98f6e833059afaee3,Antonio,García,antonio.garcía@gmail.com,ACTIVE,19b3c303-0f36-44e2-a3b4-bee33fc3a9df,"[{'street_address': '123 Main St', 'city': 'Springfield', 'state': 'Illinois', 'postal_code': '62701', 'country_code': 'US', 'type': 'home'}]","[{'number': '123456789', 'type': 'mobile'}]","[{'address': 'antonio.garcía@gmail.com', 'type': 'work'}]",2025-01-06 19:24:51.375,2025-01-10 12:39:21.892,0,1980-01-01,FEMALE,Aditional notes,123456789,,['cfcac18c-f46b-410a-9fad-dd9778955387'],45.0,1
97c2c88c-8f06-455f-baf2-eba09a5265a0,Marta Ruiz,677c23b98f6e833059afaee3,Marta,Ruiz,marta.ruiz@gmail.com,ACTIVE,f62005c1-e74e-4826-9ead-8194990a8fcc,"[{'street_address': '123 Main St', 'city': 'Springfield', 'state': 'Illinois', 'postal_code': '62701', 'country_code': 'US', 'type': 'home'}]","[{'number': '123456789', 'type': 'mobile'}]","[{'address': 'marta.ruiz@gmail.com', 'type': 'work'}]",2025-01-06 19:24:51.653,2025-01-10 12:39:22.049,0,1980-01-01,OTHER,Aditional notes,123456789,,['2e8ecac2-db84-417b-8d07-a5749f15ce43'],45.0,1
267e64b6-e9f9-4912-8b53-e703b5a55bd3,Luis González,677c23b98f6e833059afaee3,Luis,González,luis.gonzález@gmail.com,ACTIVE,ac0ff2fe-821a-4d7e-9d8c-208349a71aec,"[{'street_address': '123 Main St', 'city': 'Springfield', 'state': 'Illinois', 'postal_code': '62701', 'country_code': 'US', 'type': 'home'}]","[{'number': '123456789', 'type': 'mobile'}]","[{'address': 'luis.gonzález@gmail.com', 'type': 'work'}]",2025-01-06 19:24:51.921,2025-01-10 12:39:22.213,0,1980-01-01,MALE,Aditional notes,123456789,,['99ff61b3-8969-490c-9931-a4549378b4ab'],45.0,1
0aeaeace-c3c3-4bb5-bf71-9063624ff7b5,Ana Cruz,677c23b98f6e833059afaee3,Ana,Cruz,ana.cruz@gmail.com,ACTIVE,d8077faa-5ccf-4792-b4e8-d432ae080a81,"[{'street_address': '123 Main St', 'city': 'Springfield', 'state': 'Illinois', 'postal_code': '62701', 'country_code': 'US', 'type': 'home'}]","[{'number': '123456789', 'type': 'mobile'}]","[{'address': 'ana.cruz@gmail.com', 'type': 'work'}]",2025-01-06 19:24:52.201,2025-01-10 12:39:22.380,0,1980-01-01,MALE,Aditional notes,123456789,,['b0516ea5-e995-4f98-ab14-a8a7cb579c22'],45.0,1
aa98d9e5-0853-4478-859e-b4708dd85a43,Marta Ortega,677c23b98f6e833059afaee3,Marta,Ortega,marta.ortega@gmail.com,ACTIVE,b4854ff9-f994-4c03-abee-e90d5f9dcebc,"[{'street_address': '123 Main St', 'city': 'Springfield', 'state': 'Illinois', 'postal_code': '62701', 'country_code': 'US', 'type': 'home'}]","[{'number': '123456789', 'type': 'mobile'}]","[{'address': 'marta.ortega@gmail.com', 'type': 'work'}]",2025-01-06 19:24:52.500,2025-01-10 12:39:22.539,0,1980-01-01,OTHER,Aditional notes,123456789,,['b0516ea5-e995-4f98-ab14-a8a7cb579c22'],45.0,1
5abbed6c-ed63-441d-b55c-5dfaecd3a0fa,Elena Morales,677c23b98f6e833059afaee3,Elena,Morales,elena.morales@gmail.com,ACTIVE,2a010693-ab21-4118-b09b-9dcade0aa231,"[{'street_address': '123 Main St', 'city': 'Springfield', 'state': 'Illinois', 'postal_code': '62701', 'country_code': 'US', 'type': 'home'}]","[{'number': '123456789', 'type': 'mobile'}]","[{'address': 'elena.morales@gmail.com', 'type': 'work'}]",2025-01-06 19:24:52.793,2025-01-10 12:39:22.705,0,1980-01-01,OTHER,Aditional notes,123456789,,['2e8ecac2-db84-417b-8d07-a5749f15ce43'],45.0,1
cf2f9ea3-4bd3-4dc8-b2e4-25b8ba69cb44,Antonio Romero,677c23b98f6e833059afaee3,Antonio,Romero,antonio.romero@gmail.com,ACTIVE,27a81a29-581f-4a21-9956-5435a62e3355,"[{'street_address': '123 Main St', 'city': 'Springfield', 'state': 'Illinois', 'postal_code': '62701', 'country_code': 'US', 'type': 'home'}]","[{'number': '123456789', 'type': 'mobile'}]","[{'address': 'antonio.romero@gmail.com', 'type': 'work'}]",2025-01-06 19:24:53.068,2025-01-10 12:39:23.691,0,1980-01-01,OTHER,Aditional notes,123456789,,['ea20e6f0-363f-42f6-8ac6-213e8ae0c1e4'],45.0,1
572029e7-77b2-44f7-bd22-d36ecf2b451a,Clara Jiménez,677c23b98f6e833059afaee3,Clara,Jiménez,clara.jiménez@gmail.com,ACTIVE,3972f969-5674-40bf-8059-05b4daf919f0,"[{'street_address': '123 Main St', 'city': 'Springfield', 'state': 'Illinois', 'postal_code': '62701', 'country_code': 'US', 'type': 'home'}]","[{'number': '123456789', 'type': 'mobile'}]","[{'address': 'clara.jiménez@gmail.com', 'type': 'work'}]",2025-01-06 19:24:53.401,2025-01-10 12:39:23.030,0,1980-01-01,FEMALE,Aditional notes,123456789,,['cfcac18c-f46b-410a-9fad-dd9778955387'],45.0,1
7dd24144-1040-4b5d-adc6-d5ded1f868f4,Sara Cruz,677c23b98f6e833059afaee3,Sara,Cruz,sara.cruz@gmail.com,ACTIVE,18fe7fc9-4796-4cee-b2ff-7de928967257,"[{'street_address': '123 Main St', 'city': 'Springfield', 'state': 'Illinois', 'postal_code': '62701', 'country_code': 'US', 'type': 'home'}]","[{'number': '123456789', 'type': 'mobile'}]","[{'address': 'sara.cruz@gmail.com', 'type': 'work'}]",2025-01-06 19:24:53.683,2025-01-10 12:39:23.196,0,1980-01-01,FEMALE,Aditional notes,123456789,,['ea20e6f0-363f-42f6-8ac6-213e8ae0c1e4'],45.0,1
c25e1ea8-3618-449f-85d7-d550bf0519f6,Marta Jiménez,677c23b98f6e833059afaee3,Marta,Jiménez,marta.jiménez@gmail.com,ACTIVE,88130307-9adf-4c68-a40a-b188dedaf5ba,"[{'street_address': '123 Main St', 'city': 'Springfield', 'state': 'Illinois', 'postal_code': '62701', 'country_code': 'US', 'type': 'home'}]","[{'number': '123456789', 'type': 'mobile'}]","[{'address': 'marta.jiménez@gmail.com', 'type': 'work'}]",2025-01-06 19:24:53.961,2025-01-10 12:39:23.356,0,1980-01-01,OTHER,Aditional notes,123456789,,['2e8ecac2-db84-417b-8d07-a5749f15ce43'],45.0,1
b3f86c13-34f3-4eae-bbd4-6eb210920f26,Elena Vargas,677c23b98f6e833059afaee3,Elena,Vargas,elena.vargas@gmail.com,ACTIVE,55ea9cc3-9eaa-463e-a939-2158bb4abbfa,"[{'street_address': '123 Main St', 'city': 'Springfield', 'state': 'Illinois', 'postal_code': '62701', 'country_code': 'US', 'type': 'home'}]","[{'number': '123456789', 'type': 'mobile'}]","[{'address': 'elena.vargas@gmail.com', 'type': 'work'}]",2025-01-06 19:24:54.237,2025-01-10 12:39:23.528,0,1980-01-01,FEMALE,Aditional notes,123456789,,['b0516ea5-e995-4f98-ab14-a8a7cb579c22'],45.0,1
6daed4bd-12e7-49e5-a950-cda4ec08a39a,Ana Ruiz,677c23b98f6e833059afaee3,Ana,Ruiz,ana.ruiz@gmail.com,ACTIVE,38ad5965-c3bc-4d9e-ae3b-767ba04c5f01,"[{'street_address': '123 Main St', 'city': 'Springfield', 'state': 'Illinois', 'postal_code': '62701', 'country_code': 'US', 'type': 'home'}]","[{'number': '123456789', 'type': 'mobile'}]","[{'address': 'ana.ruiz@gmail.com', 'type': 'work'}]",2025-01-06 19:24:54.575,2025-01-10 12:39:23.849,0,1980-01-01,OTHER,Aditional notes,123456789,,['b0516ea5-e995-4f98-ab14-a8a7cb579c22'],45.0,1
65d8b8c9-cb11-4f20-b3eb-c39f3af9d06e,Ana González,677c23b98f6e833059afaee3,Ana,González,ana.gonzález@gmail.com,ACTIVE,ddd8d602-3dac-41e1-9e3f-4a724a561790,"[{'street_address': '123 Main St', 'city': 'Springfield', 'state': 'Illinois', 'postal_code': '62701', 'country_code': 'US', 'type': 'home'}]","[{'number': '123456789', 'type': 'mobile'}]","[{'address': 'ana.gonzález@gmail.com', 'type': 'work'}]",2025-01-06 19:24:54.845,2025-01-10 12:39:24.014,0,1980-01-01,FEMALE,Aditional notes,123456789,,['cfcac18c-f46b-410a-9fad-dd9778955387'],45.0,1
a4b4ba08-ab20-4c6b-8b13-78f1499e1904,María Vargas,677c23b98f6e833059afaee3,María,Vargas,maría.vargas@gmail.com,ACTIVE,f1e12b69-05bd-4426-bad7-65b81de3e1f6,"[{'street_address': '123 Main St', 'city': 'Springfield', 'state': 'Illinois', 'postal_code': '62701', 'country_code': 'US', 'type': 'home'}]","[{'number': '123456789', 'type': 'mobile'}]","[{'address': 'maría.vargas@gmail.com', 'type': 'work'}]",2025-01-06 19:24:55.121,2025-01-10 12:39:24.178,0,1980-01-01,FEMALE,Aditional notes,123456789,,['ea20e6f0-363f-42f6-8ac6-213e8ae0c1e4'],45.0,1
84f93707-2f82-4d64-a25a-54ab207d2edd,Jorge Ortega,677c23b98f6e833059afaee3,Jorge,Ortega,jorge.ortega@gmail.com,ACTIVE,58e44c72-51bb-4ada-a0bb-953b6cfedd03,"[{'street_address': '123 Main St', 'city': 'Springfield', 'state': 'Illinois', 'postal_code': '62701', 'country_code': 'US', 'type': 'home'}]","[{'number': '123456789', 'type': 'mobile'}]","[{'address': 'jorge.ortega@gmail.com', 'type': 'work'}]",2025-01-06 19:24:55.397,2025-01-10 12:39:24.358,0,1980-01-01,MALE,Aditional notes,123456789,,['b0516ea5-e995-4f98-ab14-a8a7cb579c22'],45.0,1
70249c69-9ba3-401a-ac5e-dcb4d22fc2af,Ana Ramírez,677c23b98f6e833059afaee3,Ana,Ramírez,ana.ramírez@gmail.com,ACTIVE,33d2102b-5414-4269-8b46-838ce00f9ef5,"[{'street_address': '123 Main St', 'city': 'Springfield', 'state': 'Illinois', 'postal_code': '62701', 'country_code': 'US', 'type': 'home'}]","[{'number': '123456789', 'type': 'mobile'}]","[{'address': 'ana.ramírez@gmail.com', 'type': 'work'}]",2025-01-06 19:24:55.687,2025-01-10 12:39:24.520,0,1980-01-01,OTHER,Aditional notes,123456789,,['99ff61b3-8969-490c-9931-a4549378b4ab'],45.0,1
1231d32f-d2ee-459c-9f49-648c157904ba,Miguel Morales,677c23b98f6e833059afaee3,Miguel,Morales,miguel.morales@gmail.com,ACTIVE,3178f5c2-e35d-4fe2-ab66-df86b0ae53ce,"[{'street_address': '123 Main St', 'city': 'Springfield', 'state': 'Illinois', 'postal_code': '62701', 'country_code': 'US', 'type': 'home'}]","[{'number': '123456789', 'type': 'mobile'}]","[{'address': 'miguel.morales@gmail.com', 'type': 'work'}]",2025-01-06 19:24:55.974,2025-01-10 12:39:24.676,0,1980-01-01,FEMALE,Aditional notes,123456789,,['ea20e6f0-363f-42f6-8ac6-213e8ae0c1e4'],45.0,1
110651c1-20d3-4fc8-84f6-ce308d3508be,Lucía Castro,677c23b98f6e833059afaee3,Lucía,Castro,lucía.castro@gmail.com,ACTIVE,ca0a923f-d84c-4a77-b6cd-8086480233fa,"[{'street_address': '123 Main St', 'city': 'Springfield', 'state': 'Illinois', 'postal_code': '62701', 'country_code': 'US', 'type': 'home'}]","[{'number': '123456789', 'type': 'mobile'}]","[{'address': 'lucía.castro@gmail.com', 'type': 'work'}]",2025-01-06 19:24:56.250,2025-01-10 12:39:24.837,0,1980-01-01,OTHER,Aditional notes,123456789,,['b0516ea5-e995-4f98-ab14-a8a7cb579c22'],45.0,1
f12a5330-5e10-4b57-bdc8-8cea7df9bd2b,Clara Vargas,677c23b98f6e833059afaee3,Clara,Vargas,clara.vargas@gmail.com,ACTIVE,a865b7ea-63c8-4502-ac79-3ed93aa7db1c,"[{'street_address': '123 Main St', 'city': 'Springfield', 'state': 'Illinois', 'postal_code': '62701', 'country_code': 'US', 'type': 'home'}]","[{'number': '123456789', 'type': 'mobile'}]","[{'address': 'clara.vargas@gmail.com', 'type': 'work'}]",2025-01-06 19:24:56.526,2025-01-10 12:39:28.103,0,1980-01-01,MALE,Aditional notes,123456789,,['cfcac18c-f46b-410a-9fad-dd9778955387'],45.0,1
f7d95a98-0a7c-42bd-81dd-1e44c268a614,Rosa Vargas,677c23b98f6e833059afaee3,Rosa,Vargas,rosa.vargas@gmail.com,ACTIVE,26e7b852-0e59-4c0b-aef0-488d58c22665,"[{'street_address': '123 Main St', 'city': 'Springfield', 'state': 'Illinois', 'postal_code': '62701', 'country_code': 'US', 'type': 'home'}]","[{'number': '123456789', 'type': 'mobile'}]","[{'address': 'rosa.vargas@gmail.com', 'type': 'work'}]",2025-01-06 19:24:56.797,2025-01-10 12:39:28.265,0,1980-01-01,OTHER,Aditional notes,123456789,,['ea20e6f0-363f-42f6-8ac6-213e8ae0c1e4'],45.0,1
788c34f1-fae0-4ace-838a-6fb86d711862,Miguel Castro,677c23b98f6e833059afaee3,Miguel,Castro,miguel.castro@gmail.com,ACTIVE,23092540-aade-4812-b46d-6e80cf47d3fe,"[{'street_address': '123 Main St', 'city': 'Springfield', 'state': 'Illinois', 'postal_code': '62701', 'country_code': 'US', 'type': 'home'}]","[{'number': '123456789', 'type': 'mobile'}]","[{'address': 'miguel.castro@gmail.com', 'type': 'work'}]",2025-01-06 19:24:57.070,2025-01-10 12:39:25.319,0,1980-01-01,OTHER,Aditional notes,123456789,,['cfcac18c-f46b-410a-9fad-dd9778955387'],45.0,1
be945169-fa91-42a6-bf78-eb3e5bfdf8e2,Lucía Romero,677c23b98f6e833059afaee3,Lucía,Romero,lucía.romero@gmail.com,ACTIVE,d0290f08-2825-4c7b-b9c4-9851a83da3d2,"[{'street_address': '123 Main St', 'city': 'Springfield', 'state': 'Illinois', 'postal_code': '62701', 'country_code': 'US', 'type': 'home'}]","[{'number': '123456789', 'type': 'mobile'}]","[{'address': 'lucía.romero@gmail.com', 'type': 'work'}]",2025-01-06 19:24:57.347,2025-01-10 12:39:25.482,0,1980-01-01,OTHER,Aditional notes,123456789,,['b0516ea5-e995-4f98-ab14-a8a7cb579c22'],45.0,1
17410fda-13a2-4965-93f2-0f3097c962da,Miguel Rodríguez,677c23b98f6e833059afaee3,Miguel,Rodríguez,miguel.rodríguez@gmail.com,ACTIVE,dca86851-e3b5-4d66-85ff-8f6282ec1461,"[{'street_address': '123 Main St', 'city': 'Springfield', 'state': 'Illinois', 'postal_code': '62701', 'country_code': 'US', 'type': 'home'}]","[{'number': '123456789', 'type': 'mobile'}]","[{'address': 'miguel.rodríguez@gmail.com', 'type': 'work'}]",2025-01-06 19:24:57.630,2025-01-10 12:39:25.654,0,1980-01-01,FEMALE,Aditional notes,123456789,,['2e8ecac2-db84-417b-8d07-a5749f15ce43'],45.0,1
b7dd5f18-90a9-4379-a956-3a5e99ca80cf,Juan Ruiz,677c23b98f6e833059afaee3,Juan,Ruiz,juan.ruiz@gmail.com,ACTIVE,e5ece3f6-4b02-415a-928d-63be4a5a9445,"[{'street_address': '123 Main St', 'city': 'Springfield', 'state': 'Illinois', 'postal_code': '62701', 'country_code': 'US', 'type': 'home'}]","[{'number': '123456789', 'type': 'mobile'}]","[{'address': 'juan.ruiz@gmail.com', 'type': 'work'}]",2025-01-06 19:24:57.900,2025-01-10 12:39:25.814,0,1980-01-01,FEMALE,Aditional notes,123456789,,['b0516ea5-e995-4f98-ab14-a8a7cb579c22'],45.0,1
db145456-2861-4399-9bb8-191657625dbc,Francisco Vargas,677c23b98f6e833059afaee3,Francisco,Vargas,francisco.vargas@gmail.com,ACTIVE,d68c06c7-0095-4b34-8aad-6f67d2dd9365,"[{'street_address': '123 Main St', 'city': 'Springfield', 'state': 'Illinois', 'postal_code': '62701', 'country_code': 'US', 'type': 'home'}]","[{'number': '123456789', 'type': 'mobile'}]","[{'address': 'francisco.vargas@gmail.com', 'type': 'work'}]",2025-01-06 19:24:58.179,2025-01-10 12:39:25.978,0,1980-01-01,MALE,Aditional notes,123456789,,['b0516ea5-e995-4f98-ab14-a8a7cb579c22'],45.0,1
91081706-ed4f-4753-a6d7-32d5691389c5,Marta Romero,677c23b98f6e833059afaee3,Marta,Romero,marta.romero@gmail.com,ACTIVE,664841cd-ae58-436b-9d74-05e848e5b904,"[{'street_address': '123 Main St', 'city': 'Springfield', 'state': 'Illinois', 'postal_code': '62701', 'country_code': 'US', 'type': 'home'}]","[{'number': '123456789', 'type': 'mobile'}]","[{'address': 'marta.romero@gmail.com', 'type': 'work'}]",2025-01-06 19:24:58.451,2025-01-10 12:39:26.137,0,1980-01-01,FEMALE,Aditional notes,123456789,,['99ff61b3-8969-490c-9931-a4549378b4ab'],45.0,1
87cc2a2e-b944-481a-8f25-c85ec80fc60d,José López,677c23b98f6e833059afaee3,José,López,josé.lópez@gmail.com,ACTIVE,d757d680-3851-452f-903f-010e4d4c26b7,"[{'street_address': '123 Main St', 'city': 'Springfield', 'state': 'Illinois', 'postal_code': '62701', 'country_code': 'US', 'type': 'home'}]","[{'number': '123456789', 'type': 'mobile'}]","[{'address': 'josé.lópez@gmail.com', 'type': 'work'}]",2025-01-06 19:24:58.727,2025-01-10 12:39:26.299,0,1980-01-01,OTHER,Aditional notes,123456789,,['2e8ecac2-db84-417b-8d07-a5749f15ce43'],45.0,1
d4db6ced-062f-47a1-9416-d8158a7aba34,Sara Ruiz,677c23b98f6e833059afaee3,Sara,Ruiz,sara.ruiz@gmail.com,ACTIVE,36574ce2-b8d3-4223-bd44-134df0bcb2ba,"[{'street_address': '123 Main St', 'city': 'Springfield', 'state': 'Illinois', 'postal_code': '62701', 'country_code': 'US', 'type': 'home'}]","[{'number': '123456789', 'type': 'mobile'}]","[{'address': 'sara.ruiz@gmail.com', 'type': 'work'}]",2025-01-06 19:24:59.328,2025-01-10 12:39:26.460,0,1980-01-01,OTHER,Aditional notes,123456789,,['2e8ecac2-db84-417b-8d07-a5749f15ce43'],45.0,1
db86c348-37ac-411a-a762-dac7505159f4,José Morales,677c23b98f6e833059afaee3,José,Morales,josé.morales@gmail.com,ACTIVE,9267b1eb-56a7-4989-926d-d96339d1e9bd,"[{'street_address': '123 Main St', 'city': 'Springfield', 'state': 'Illinois', 'postal_code': '62701', 'country_code': 'US', 'type': 'home'}]","[{'number': '123456789', 'type': 'mobile'}]","[{'address': 'josé.morales@gmail.com', 'type': 'work'}]",2025-01-06 19:24:59.610,2025-01-10 12:39:26.623,0,1980-01-01,OTHER,Aditional notes,123456789,,['2e8ecac2-db84-417b-8d07-a5749f15ce43'],45.0,1
1ed7ee8c-27be-4d82-b2fa-5521aa2a2dc5,Luis Hernández,677c23b98f6e833059afaee3,Luis,Hernández,luis.hernández@gmail.com,ACTIVE,45e392db-8078-4447-bd34-6704645f195e,"[{'street_address': '123 Main St', 'city': 'Springfield', 'state': 'Illinois', 'postal_code': '62701', 'country_code': 'US', 'type': 'home'}]","[{'number': '123456789', 'type': 'mobile'}]","[{'address': 'luis.hernández@gmail.com', 'type': 'work'}]",2025-01-06 19:24:59.887,2025-01-10 12:39:26.795,0,1980-01-01,OTHER,Aditional notes,123456789,,['99ff61b3-8969-490c-9931-a4549378b4ab'],45.0,1
a44ab91d-fa41-4eac-a0b1-e04145a4d617,Juan García,677c23b98f6e833059afaee3,Juan,García,juan.garcía@gmail.com,ACTIVE,f93931e2-7408-4aba-b7c1-7d09f8e172a8,"[{'street_address': '123 Main St', 'city': 'Springfield', 'state': 'Illinois', 'postal_code': '62701', 'country_code': 'US', 'type': 'home'}]","[{'number': '123456789', 'type': 'mobile'}]","[{'address': 'juan.garcía@gmail.com', 'type': 'work'}]",2025-01-06 19:25:00.175,2025-01-10 12:39:26.976,0,1980-01-01,FEMALE,Aditional notes,123456789,,['ea20e6f0-363f-42f6-8ac6-213e8ae0c1e4'],45.0,1
66bee9f4-5076-4bc2-b845-7b6b7f5eb3b6,Luis Martínez,677c23b98f6e833059afaee3,Luis,Martínez,luis.martínez@gmail.com,ACTIVE,ea1d7620-0223-4221-860f-fb5b47d55ec8,"[{'street_address': '123 Main St', 'city': 'Springfield', 'state': 'Illinois', 'postal_code': '62701', 'country_code': 'US', 'type': 'home'}]","[{'number': '123456789', 'type': 'mobile'}]","[{'address': 'luis.martínez@gmail.com', 'type': 'work'}]",2025-01-06 19:25:00.453,2025-01-10 12:39:27.141,0,1980-01-01,MALE,Aditional notes,123456789,,['b0516ea5-e995-4f98-ab14-a8a7cb579c22'],45.0,1
47b63c21-8e32-47ed-a372-06c22b86c6b9,Marta Castro,677c23b98f6e833059afaee3,Marta,Castro,marta.castro@gmail.com,ACTIVE,d94ab779-2440-405a-b2f1-9b1dde1b1e92,"[{'street_address': '123 Main St', 'city': 'Springfield', 'state': 'Illinois', 'postal_code': '62701', 'country_code': 'US', 'type': 'home'}]","[{'number': '123456789', 'type': 'mobile'}]","[{'address': 'marta.castro@gmail.com', 'type': 'work'}]",2025-01-06 19:25:00.732,2025-01-10 12:39:27.301,0,1980-01-01,MALE,Aditional notes,123456789,,['b0516ea5-e995-4f98-ab14-a8a7cb579c22'],45.0,1
9283b379-004c-4d33-807d-6582548c998e,Jorge Ramírez,677c23b98f6e833059afaee3,Jorge,Ramírez,jorge.ramírez@gmail.com,ACTIVE,676b0e6c-bcfa-4bd0-9f62-b05829d447a6,"[{'street_address': '123 Main St', 'city': 'Springfield', 'state': 'Illinois', 'postal_code': '62701', 'country_code': 'US', 'type': 'home'}]","[{'number': '123456789', 'type': 'mobile'}]","[{'address': 'jorge.ramírez@gmail.com', 'type': 'work'}]",2025-01-06 19:25:01.056,2025-01-10 12:39:27.625,0,1980-01-01,OTHER,Aditional notes,123456789,,['cfcac18c-f46b-410a-9fad-dd9778955387'],45.0,1
e37f7833-0d02-43c6-876a-5dfad817d9c8,Rosa Díaz,677c23b98f6e833059afaee3,Rosa,Díaz,rosa.díaz@gmail.com,ACTIVE,48b9173f-3fca-4171-8693-554734e6aa77,"[{'street_address': '123 Main St', 'city': 'Springfield', 'state': 'Illinois', 'postal_code': '62701', 'country_code': 'US', 'type': 'home'}]","[{'number': '123456789', 'type': 'mobile'}]","[{'address': 'rosa.díaz@gmail.com', 'type': 'work'}]",2025-01-06 19:25:01.327,2025-01-10 12:39:27.786,0,1980-01-01,OTHER,Aditional notes,123456789,,['ea20e6f0-363f-42f6-8ac6-213e8ae0c1e4'],45.0,1
aaa1a855-129d-4849-a512-a0e8f985c81e,Rafael Castro,677c23b98f6e833059afaee3,Rafael,Castro,rafael.castro@gmail.com,ACTIVE,790fee5c-1628-41e4-ac49-46693bfe2179,"[{'street_address': '123 Main St', 'city': 'Springfield', 'state': 'Illinois', 'postal_code': '62701', 'country_code': 'US', 'type': 'home'}]","[{'number': '123456789', 'type': 'mobile'}]","[{'address': 'rafael.castro@gmail.com', 'type': 'work'}]",2025-01-06 19:25:01.596,2025-01-10 12:39:27.940,0,1980-01-01,MALE,Aditional notes,123456789,,['b0516ea5-e995-4f98-ab14-a8a7cb579c22'],45.0,1
609998d8-16fe-431e-ac87-88ef25fc5e11,Francisco Castro,677c23b98f6e833059afaee3,Francisco,Castro,francisco.castro@gmail.com,ACTIVE,b22efc33-63da-4ac6-a45e-c6f21fa164ff,"[{'street_address': '123 Main St', 'city': 'Springfield', 'state': 'Illinois', 'postal_code': '62701', 'country_code': 'US', 'type': 'home'}]","[{'number': '123456789', 'type': 'mobile'}]","[{'address': 'francisco.castro@gmail.com', 'type': 'work'}]",2025-01-06 19:25:01.974,2025-01-10 12:39:28.420,0,1980-01-01,FEMALE,Aditional notes,123456789,,['cfcac18c-f46b-410a-9fad-dd9778955387'],45.0,1
4ac77177-11f7-446f-af1b-5eeda96f4ab7,Elena Ortega,677c23b98f6e833059afaee3,Elena,Ortega,elena.ortega@gmail.com,ACTIVE,a7c15e8f-e828-4bb8-9785-878eea2be9de,"[{'street_address': '123 Main St', 'city': 'Springfield', 'state': 'Illinois', 'postal_code': '62701', 'country_code': 'US', 'type': 'home'}]","[{'number': '123456789', 'type': 'mobile'}]","[{'address': 'elena.ortega@gmail.com', 'type': 'work'}]",2025-01-06 19:25:02.253,2025-01-10 12:39:28.578,0,1980-01-01,FEMALE,Aditional notes,123456789,,['2e8ecac2-db84-417b-8d07-a5749f15ce43'],45.0,1
4be64de9-c46e-41bd-8847-2e03fbc81f36,Luis Castro,677c23b98f6e833059afaee3,Luis,Castro,luis.castro@gmail.com,ACTIVE,772ed81e-9831-42dd-84b0-c682e989ce1d,"[{'street_address': '123 Main St', 'city': 'Springfield', 'state': 'Illinois', 'postal_code': '62701', 'country_code': 'US', 'type': 'home'}]","[{'number': '123456789', 'type': 'mobile'}]","[{'address': 'luis.castro@gmail.com', 'type': 'work'}]",2025-01-06 19:25:02.520,2025-01-10 12:39:28.747,0,1980-01-01,MALE,Aditional notes,123456789,,['cfcac18c-f46b-410a-9fad-dd9778955387'],45.0,1
c6b0b29f-31ce-4a2e-bd5d-d51d356a3f0e,Sara González,677c23b98f6e833059afaee3,Sara,González,sara.gonzález@gmail.com,ACTIVE,1abfb9e1-aef8-4dc8-8bb5-daad97146059,"[{'street_address': '123 Main St', 'city': 'Springfield', 'state': 'Illinois', 'postal_code': '62701', 'country_code': 'US', 'type': 'home'}]","[{'number': '123456789', 'type': 'mobile'}]","[{'address': 'sara.gonzález@gmail.com', 'type': 'work'}]",2025-01-06 19:25:02.791,2025-01-10 12:39:28.916,0,1980-01-01,OTHER,Aditional notes,123456789,,['99ff61b3-8969-490c-9931-a4549378b4ab'],45.0,1
da874346-b33c-43eb-9fa5-510b904cb1af,Antonio Martínez,677c23b98f6e833059afaee3,Antonio,Martínez,antonio.martínez@gmail.com,ACTIVE,ca5e6c21-a2ce-4a7c-9f37-d5dded6a75ca,"[{'street_address': '123 Main St', 'city': 'Springfield', 'state': 'Illinois', 'postal_code': '62701', 'country_code': 'US', 'type': 'home'}]","[{'number': '123456789', 'type': 'mobile'}]","[{'address': 'antonio.martínez@gmail.com', 'type': 'work'}]",2025-01-06 19:25:03.067,2025-01-10 12:39:29.082,0,1980-01-01,OTHER,Aditional notes,123456789,,['b0516ea5-e995-4f98-ab14-a8a7cb579c22'],45.0,1
14c8b97d-dbd8-4f7f-b403-d629200edbb3,Jorge Martinez,677c23b98f6e833059afaee3,Jorge,Martinez,jorge.martinezgarcia.jam1@gmail.com,ACTIVE,9b66df95-f6b4-4d11-b161-63663f227360,[],[],[],2025-01-07 23:32:53.050,2025-01-07 23:32:53.050,0,,,,,,,,1
dcffbf8d-8e1d-4714-a626-0dccf702cedb,Jorge Martinez,677c23b98f6e833059afaee3,Jorge,Martinez,jorgemartinez.jam@gmail.com,ACTIVE,119cb017-ebd4-4402-ab69-6ada9e45b520,[],[],[],2025-01-08 00:02:07.200,2025-01-08 00:02:07.200,0,,,,,,,,1
1791348f-8508-4958-a5d8-99137d2d43bb,Jorge Martínez,677c23b98f6e833059afaee3,Jorge,Martínez,jorge@email.com,ACTIVE,014cf019-e8d4-4a98-83a9-9b3e11b6efa3,[],[],[],2025-01-08 16:59:23.916,2025-01-08 16:59:23.916,0,,,,,,,,1
84dee9a6-a349-4828-928a-d543566a031d,Jorge Martínez,677c23b98f6e833059afaee3,Jorge,Martínez,jorge2@email.com,ACTIVE,a2eab613-ee24-49c8-90b4-228753463189,[],[],[],2025-01-08 17:29:33.184,2025-01-08 17:29:33.184,0,,,,,,,,1
04860b5a-ce85-40a3-95ed-e358c1bee0e7,Jorge Martínez,677c23b98f6e833059afaee3,Jorge,Martínez,jorge4@email.com,ACTIVE,a19765a4-ee28-47a3-b167-cbe1b4bea8b6,[],[],[],2025-01-09 15:32:54.595,2025-01-09 15:32:54.595,0,,,,,,[],,1
3ec4f54c-f33b-4092-ae92-17fb7131834a,Jorge Martínez,677c23b98f6e833059afaee3,Jorge,Martínez,jorge6@email.com,ACTIVE,1f2952c1-7ece-4b34-bf54-db56484896fd,[],[],[],2025-01-09 22:34:08.487,2025-01-09 22:34:08.487,0,,,,,,[],,1
