name,remote_id,type,given_name,family_name,preferred_name,gender,birth_date,notes,addresses,phone_numbers,primary_phone_number,email_addresses,primary_email_address,state,preferred_provider,first_visit,guarantor,opt_ins,create_time,update_time,additional_data.ImageFolder,opt_ins.sms,opt_ins.email
contacts/807,807,PATIENT,Mahmoud,Maher,,GENDER_OTHER,2000-02-24,,[],"[{'number': '201016398734', 'type': 'MOBILE'}]",201016398734,[],,ACTIVE,,0001-01-01,contacts/807,,,2025-01-19T16:15:13Z,mahermahmoud807,,
contacts/806,806,PATIENT,Mahmoud,Maher,,GENDER_OTHER,2000-02-24,,[],"[{'number': '1016398734', 'type': 'MOBILE'}]",1016398734,[],,ACTIVE,,0001-01-01,contacts/806,,,2025-01-19T15:32:05Z,mahermahmoud806,,
contacts/805,805,PATIENT,Jorge,Martínez,,GENDER_OTHER,0000-00-00,,[],[],,"[{'address': 'jorge@email.com', 'type': 'EMAIL_ADDRESS_TYPE_UNSPECIFIED'}]",jorge@email.com,ACTIVE,,0001-01-01,contacts/805,,,2025-01-18T15:43:02Z,martnezjorge805,,
contacts/804,804,PATIENT,Jorge,Martinez,,GENDER_OTHER,0000-00-00,,[],[],,"[{'address': 'jorgemartinez.jam@gmail.com', 'type': 'EMAIL_ADDRESS_TYPE_UNSPECIFIED'}]",jorgemartinez.jam@gmail.com,ACTIVE,,0001-01-01,contacts/804,,,2025-01-18T15:01:53Z,martinezjorge804,,
contacts/803,803,PATIENT,Javier,Perez,,GENDER_OTHER,0000-00-00,,[],[],,"[{'address': 'Javier.perez@email.com', 'type': 'EMAIL_ADDRESS_TYPE_UNSPECIFIED'}]",Javier.perez@email.com,ACTIVE,,0001-01-01,contacts/803,,,2025-01-17T23:58:13Z,perezjavier803,,
contacts/802,802,PATIENT,Luis,Valera,,GENDER_OTHER,0000-00-00,,[],[],,"[{'address': 'luis.valera@email.com', 'type': 'EMAIL_ADDRESS_TYPE_UNSPECIFIED'}]",luis.valera@email.com,ACTIVE,,0001-01-01,contacts/802,,,2025-01-17T23:36:28Z,valeraluis802,,
contacts/801,801,PATIENT,Rodrigo,Perez,,GENDER_OTHER,0000-00-00,,[],[],,"[{'address': 'rodrigo.perez@email.com', 'type': 'EMAIL_ADDRESS_TYPE_UNSPECIFIED'}]",rodrigo.perez@email.com,ACTIVE,,0001-01-01,contacts/801,,,2025-01-17T23:36:07Z,perezrodrigo801,,
contacts/800,800,PATIENT,Juan,Perez,,GENDER_OTHER,0000-00-00,,[],[],,"[{'address': 'juan.perez@email.com', 'type': 'EMAIL_ADDRESS_TYPE_UNSPECIFIED'}]",juan.perez@email.com,ACTIVE,,0001-01-01,contacts/800,,,2025-01-17T23:29:13Z,perezjuan800,,
contacts/799,799,PATIENT,Jose,Perez,,GENDER_OTHER,0000-00-00,,[],[],,"[{'address': 'jose.perez@email.com', 'type': 'EMAIL_ADDRESS_TYPE_UNSPECIFIED'}]",jose.perez@email.com,ACTIVE,,0001-01-01,contacts/799,,,2025-01-17T23:27:22Z,perezjose799,,
contacts/798,798,PATIENT,Luis,Valera,,GENDER_OTHER,0000-00-00,,[],[],,"[{'address': 'luis.valera@email.com', 'type': 'EMAIL_ADDRESS_TYPE_UNSPECIFIED'}]",luis.valera@email.com,ACTIVE,,0001-01-01,contacts/798,,,2025-01-17T20:53:32Z,valeraluis798,,
contacts/797,797,PATIENT,Susana,Villa,,GENDER_OTHER,0000-00-00,,[],[],,[],,ACTIVE,,0001-01-01,contacts/797,,,2025-01-17T18:27:44Z,villasusana797,,
contacts/796,796,PATIENT,Jorge,Martínez,Jorge,MALE,1988-04-21,,[],[],,[],,ACTIVE,,0001-01-01,contacts/796,,,2025-01-17T18:22:10Z,martnezjorge796,,
contacts/795,795,PATIENT,est laborum,pariatur Duis e,adipisicing dolore,MALE,1960-02-02,,"[{'street_address': 'mollit anim pariatur u', 'city': 'elit Lorem ipsum dolore', 'state': 'esse eiusmod', 'postal_code': 'amet cupidatat proident', 'country_code': '', 'type': 'ADDRESS_TYPE_UNSPECIFIED'}]",[],,"[{'address': 'dolor Excepteur ea elit', 'type': 'EMAIL_ADDRESS_TYPE_UNSPECIFIED'}]",dolor Excepteur ea elit,ACTIVE,,0001-01-01,contacts/795,,,2025-01-17T16:57:05Z,pariaturduiseestlaborum795,False,
contacts/794,794,PATIENT,est laborum,pariatur Duis e,adipisicing dolore,MALE,1960-02-02,,"[{'street_address': 'mollit anim pariatur u', 'city': 'elit Lorem ipsum dolore', 'state': 'esse eiusmod', 'postal_code': 'amet cupidatat proident', 'country_code': '', 'type': 'ADDRESS_TYPE_UNSPECIFIED'}]",[],,"[{'address': 'dolor Excepteur ea elit', 'type': 'EMAIL_ADDRESS_TYPE_UNSPECIFIED'}]",dolor Excepteur ea elit,ACTIVE,,0001-01-01,contacts/794,,,2025-01-17T16:44:33Z,pariaturduiseestlaborum794,False,
contacts/793,793,PATIENT,Melissa J.,Fletcher,,GENDER_OTHER,1997-12-23,,[],"[{'number': '3108767897', 'type': 'MOBILE'}]",3108767897,"[{'address': 'MelissaJFletcher@rhyta.com', 'type': 'EMAIL_ADDRESS_TYPE_UNSPECIFIED'}]",MelissaJFletcher@rhyta.com,ACTIVE,,0001-01-01,contacts/793,,,2025-01-17T16:43:16Z,fletchermelissaj793,True,
contacts/792,792,PATIENT,Bernie,Severt,,GENDER_OTHER,1951-08-13,,[],"[{'number': '5088432525', 'type': 'MOBILE'}]",5088432525,"[{'address': 'BernieMSevert@rhyta.com', 'type': 'EMAIL_ADDRESS_TYPE_UNSPECIFIED'}]",BernieMSevert@rhyta.com,ACTIVE,,0001-01-01,contacts/792,,,2025-01-17T16:39:56Z,severtbernie792,True,
contacts/791,791,PATIENT,est laborum,pariatur Duis e,adipisicing dolore,MALE,1960-02-02,,"[{'street_address': 'mollit anim pariatur u', 'city': 'elit Lorem ipsum dolore', 'state': 'esse eiusmod', 'postal_code': 'amet cupidatat proident', 'country_code': '', 'type': 'ADDRESS_TYPE_UNSPECIFIED'}]",[],,"[{'address': 'dolor Excepteur ea elit', 'type': 'EMAIL_ADDRESS_TYPE_UNSPECIFIED'}]",dolor Excepteur ea elit,ACTIVE,,0001-01-01,contacts/791,,,2025-01-17T16:39:40Z,pariaturduiseestlaborum791,False,
contacts/790,790,PATIENT,Hameda,Zaid,,GENDER_OTHER,2002-02-06,,[],"[{'number': '4509876839', 'type': 'MOBILE'}]",4509876839,[],,ACTIVE,,0001-01-01,contacts/790,,,2025-01-15T12:54:02Z,zaidhameda790,,
contacts/789,789,PATIENT,foo,bar,,GENDER_OTHER,1979-03-28,,[],"[{'number': '6085555555', 'type': 'MOBILE'}]",6085555555,"[{'address': 'ryan.curtis+goodall@trackable.io', 'type': 'EMAIL_ADDRESS_TYPE_UNSPECIFIED'}]",ryan.curtis+goodall@trackable.io,ACTIVE,,0001-01-01,contacts/789,,,2025-01-14T00:06:26Z,barfoo789,True,
contacts/788,788,PATIENT,foo,bar,,GENDER_OTHER,1979-03-29,,[],"[{'number': '6085555555', 'type': 'MOBILE'}]",6085555555,"[{'address': 'ryan.curtis+goodall@trackable.io', 'type': 'EMAIL_ADDRESS_TYPE_UNSPECIFIED'}]",ryan.curtis+goodall@trackable.io,ACTIVE,,0001-01-01,contacts/788,,,2025-01-13T23:58:52Z,barfoo788,True,
contacts/787,787,PATIENT,foo,bar,,GENDER_OTHER,1979-03-28,,[],"[{'number': '6085555555', 'type': 'MOBILE'}]",6085555555,"[{'address': 'ryan.curtis+goodall@trackable.io', 'type': 'EMAIL_ADDRESS_TYPE_UNSPECIFIED'}]",ryan.curtis+goodall@trackable.io,ACTIVE,,0001-01-01,contacts/787,,,2025-01-13T23:55:45Z,barfoo787,True,
contacts/786,786,PATIENT,abc,123,,GENDER_OTHER,1979-03-28,,[],"[{'number': '6085555555', 'type': 'MOBILE'}]",6085555555,"[{'address': 'ryan.curtis+goodall@trackable.io', 'type': 'EMAIL_ADDRESS_TYPE_UNSPECIFIED'}]",ryan.curtis+goodall@trackable.io,ACTIVE,,0001-01-01,contacts/786,,,2025-01-13T23:50:27Z,123abc786,True,
contacts/785,785,PATIENT,Foo,Bar,,GENDER_OTHER,1979-03-28,,[],"[{'number': '6085555555', 'type': 'MOBILE'}]",6085555555,"[{'address': 'ryan.curtis+foo@trackable.io', 'type': 'EMAIL_ADDRESS_TYPE_UNSPECIFIED'}]",ryan.curtis+foo@trackable.io,ACTIVE,,0001-01-01,contacts/785,,,2025-01-13T23:37:02Z,barfoo785,True,
contacts/784,784,PATIENT,Guerilla,McGoo,,GENDER_OTHER,1979-03-28,,[],"[{'number': '6085555555', 'type': 'MOBILE'}]",6085555555,"[{'address': 'ryan.curtis+guerrilla@trackable.io', 'type': 'EMAIL_ADDRESS_TYPE_UNSPECIFIED'}]",ryan.curtis+guerrilla@trackable.io,ACTIVE,,0001-01-01,contacts/784,,,2025-01-13T23:27:14Z,mcgooguerilla784,True,
contacts/783,783,PATIENT,Jane,Goodall,,GENDER_OTHER,1979-03-28,,[],"[{'number': '6085555555', 'type': 'MOBILE'}]",6085555555,"[{'address': 'ryan.curtis+jane_goodall@trackable.io', 'type': 'EMAIL_ADDRESS_TYPE_UNSPECIFIED'}]",ryan.curtis+jane_goodall@trackable.io,ACTIVE,,0001-01-01,contacts/783,,,2025-01-13T23:10:40Z,goodalljane783,True,
contacts/782,782,PATIENT,Alex,Smith,,MALE,1992-04-02,,[],[],,[],,ACTIVE,,0001-01-01,contacts/782,,,2025-01-10T17:14:46Z,smithalex782,,
contacts/781,781,PATIENT,Alex,Smith,,MALE,1992-04-02,,[],[],,[],,ACTIVE,,0001-01-01,contacts/781,,,2025-01-10T17:14:09Z,smithalex781,,
contacts/780,780,PATIENT,Reese,Witherspoon,,GENDER_OTHER,1979-01-01,,[],"[{'number': '6083456789', 'type': 'MOBILE'}]",6083456789,"[{'address': 'ryan.curtis+Reese@trackable.io', 'type': 'EMAIL_ADDRESS_TYPE_UNSPECIFIED'}]",ryan.curtis+Reese@trackable.io,ACTIVE,,0001-01-01,contacts/780,,,2025-01-10T15:21:00Z,witherspoonreese780,True,
contacts/779,779,PATIENT,John,Simpson,,GENDER_OTHER,1979-01-01,,[],"[{'number': '6083456789', 'type': 'MOBILE'}]",6083456789,"[{'address': 'ryan.curtis+simpson@trackable.io', 'type': 'EMAIL_ADDRESS_TYPE_UNSPECIFIED'}]",ryan.curtis+simpson@trackable.io,ACTIVE,,0001-01-01,contacts/779,,,2025-01-10T15:13:32Z,simpsonjohn779,True,
contacts/778,778,PATIENT,Blake,Simms,,GENDER_OTHER,1979-01-01,,[],"[{'number': '6082345678', 'type': 'MOBILE'}]",6082345678,"[{'address': 'ryan.curtis+simms@trackable.io', 'type': 'EMAIL_ADDRESS_TYPE_UNSPECIFIED'}]",ryan.curtis+simms@trackable.io,ACTIVE,,0001-01-01,contacts/778,,,2025-01-10T15:10:44Z,simmsblake778,True,
contacts/777,777,PATIENT,Blake,Lively,,GENDER_OTHER,1979-03-28,,[],"[{'number': '6081234567', 'type': 'MOBILE'}]",6081234567,"[{'address': 'ryan.curtis+blake@trackable.io', 'type': 'EMAIL_ADDRESS_TYPE_UNSPECIFIED'}]",ryan.curtis+blake@trackable.io,ACTIVE,,0001-01-01,contacts/777,,,2025-01-10T15:08:12Z,livelyblake777,True,
contacts/776,776,PATIENT,Blake,Lively,,GENDER_OTHER,1979-03-28,,[],"[{'number': '6083459371', 'type': 'MOBILE'}]",6083459371,"[{'address': 'ryan.curtis+blake@trackable.io', 'type': 'EMAIL_ADDRESS_TYPE_UNSPECIFIED'}]",ryan.curtis+blake@trackable.io,ACTIVE,,0001-01-01,contacts/776,,,2025-01-10T14:32:18Z,livelyblake776,True,
contacts/775,775,PATIENT,Blake,Lively,,GENDER_OTHER,1979-03-28,,[],"[{'number': '6085555555', 'type': 'MOBILE'}]",6085555555,"[{'address': 'ryan.curtis+blake@trackable.io', 'type': 'EMAIL_ADDRESS_TYPE_UNSPECIFIED'}]",ryan.curtis+blake@trackable.io,ACTIVE,,0001-01-01,contacts/775,,,2025-01-10T14:30:53Z,livelyblake775,True,
contacts/774,774,PATIENT,Ryan,Curtis,,GENDER_OTHER,1979-03-28,,[],"[{'number': '6083459371', 'type': 'MOBILE'}]",6083459371,"[{'address': 'wednesday@gmail.com', 'type': 'EMAIL_ADDRESS_TYPE_UNSPECIFIED'}]",wednesday@gmail.com,ACTIVE,,0001-01-01,contacts/774,,,2025-01-09T21:20:51Z,curtisryan774,True,
contacts/773,773,PATIENT,Ryan,Curtis,,GENDER_OTHER,1979-03-28,,[],"[{'number': '6083459371', 'type': 'MOBILE'}]",6083459371,"[{'address': 'wednesday@gmail.com', 'type': 'EMAIL_ADDRESS_TYPE_UNSPECIFIED'}]",wednesday@gmail.com,ACTIVE,,0001-01-01,contacts/773,,,2025-01-09T21:19:42Z,curtisryan773,True,
contacts/772,772,PATIENT,Ryan,Curtis,,GENDER_OTHER,1979-03-28,,[],"[{'number': '6083459371', 'type': 'MOBILE'}]",6083459371,"[{'address': 'wednesday@gmail.com', 'type': 'EMAIL_ADDRESS_TYPE_UNSPECIFIED'}]",wednesday@gmail.com,ACTIVE,,0001-01-01,contacts/772,,,2025-01-09T21:18:02Z,curtisryan772,True,
contacts/771,771,PATIENT,Ryan,Curtis,,GENDER_OTHER,1979-03-28,,[],"[{'number': '6083459371', 'type': 'MOBILE'}]",6083459371,"[{'address': 'wednesday@gmail.com', 'type': 'EMAIL_ADDRESS_TYPE_UNSPECIFIED'}]",wednesday@gmail.com,ACTIVE,,0001-01-01,contacts/771,,,2025-01-09T21:16:42Z,curtisryan771,True,
contacts/770,770,PATIENT,Ryan,Curtis,,GENDER_OTHER,1979-03-28,,[],"[{'number': '6083459371', 'type': 'MOBILE'}]",6083459371,"[{'address': 'wednesday@gmail.com', 'type': 'EMAIL_ADDRESS_TYPE_UNSPECIFIED'}]",wednesday@gmail.com,ACTIVE,,0001-01-01,contacts/770,,,2025-01-09T21:12:37Z,curtisryan770,True,
contacts/769,769,PATIENT,Ryan,Curtis,,GENDER_OTHER,1979-03-28,,[],"[{'number': '6083459371', 'type': 'MOBILE'}]",6083459371,"[{'address': 'wednesday@gmail.com', 'type': 'EMAIL_ADDRESS_TYPE_UNSPECIFIED'}]",wednesday@gmail.com,ACTIVE,,0001-01-01,contacts/769,,,2025-01-09T21:08:02Z,curtisryan769,True,
contacts/768,768,PATIENT,Ryan,Curtis,,GENDER_OTHER,1979-03-28,,[],"[{'number': '6083459371', 'type': 'MOBILE'}]",6083459371,"[{'address': 'wednesday@gmail.com', 'type': 'EMAIL_ADDRESS_TYPE_UNSPECIFIED'}]",wednesday@gmail.com,ACTIVE,,0001-01-01,contacts/768,,,2025-01-09T21:01:44Z,curtisryan768,True,
contacts/767,767,PATIENT,Ryan,Curtis,,GENDER_OTHER,1979-03-28,,[],"[{'number': '6083459371', 'type': 'MOBILE'}]",6083459371,"[{'address': 'wednesday@gmail.com', 'type': 'EMAIL_ADDRESS_TYPE_UNSPECIFIED'}]",wednesday@gmail.com,ACTIVE,,0001-01-01,contacts/767,,,2025-01-09T20:57:06Z,curtisryan767,True,
contacts/766,766,PATIENT,Ryan,Curtis,,GENDER_OTHER,1979-03-28,,[],"[{'number': '6083459371', 'type': 'MOBILE'}]",6083459371,"[{'address': 'wednesday@gmail.com', 'type': 'EMAIL_ADDRESS_TYPE_UNSPECIFIED'}]",wednesday@gmail.com,ACTIVE,,0001-01-01,contacts/766,,,2025-01-09T20:54:53Z,curtisryan766,True,
contacts/765,765,PATIENT,Ryan,Curtis,,GENDER_OTHER,1979-03-28,,[],"[{'number': '6083459371', 'type': 'MOBILE'}]",6083459371,"[{'address': 'wednesday@gmail.com', 'type': 'EMAIL_ADDRESS_TYPE_UNSPECIFIED'}]",wednesday@gmail.com,ACTIVE,,0001-01-01,contacts/765,,,2025-01-09T20:51:13Z,curtisryan765,True,
contacts/764,764,PATIENT,Ryan,Curtis,,GENDER_OTHER,1979-03-28,,[],"[{'number': '6083459371', 'type': 'MOBILE'}]",6083459371,"[{'address': 'wednesday@gmail.com', 'type': 'EMAIL_ADDRESS_TYPE_UNSPECIFIED'}]",wednesday@gmail.com,ACTIVE,,0001-01-01,contacts/764,,,2025-01-09T20:48:43Z,curtisryan764,True,
contacts/763,763,PATIENT,Ryan,Curtis,,GENDER_OTHER,1979-03-28,,[],"[{'number': '6083459371', 'type': 'MOBILE'}]",6083459371,"[{'address': 'wednesday@gmail.com', 'type': 'EMAIL_ADDRESS_TYPE_UNSPECIFIED'}]",wednesday@gmail.com,ACTIVE,,0001-01-01,contacts/763,,,2025-01-09T20:44:36Z,curtisryan763,True,
contacts/762,762,PATIENT,Ryan,Curtis,,GENDER_OTHER,1979-03-28,,[],"[{'number': '6083459371', 'type': 'MOBILE'}]",6083459371,"[{'address': 'wednesday@gmail.com', 'type': 'EMAIL_ADDRESS_TYPE_UNSPECIFIED'}]",wednesday@gmail.com,ACTIVE,,0001-01-01,contacts/762,,,2025-01-09T20:38:46Z,curtisryan762,True,
contacts/761,761,PATIENT,Ryan,Curtis,,GENDER_OTHER,1979-03-28,,[],"[{'number': '6083459371', 'type': 'MOBILE'}]",6083459371,"[{'address': 'wednesday@gmail.com', 'type': 'EMAIL_ADDRESS_TYPE_UNSPECIFIED'}]",wednesday@gmail.com,ACTIVE,,0001-01-01,contacts/761,,,2025-01-09T20:34:41Z,curtisryan761,True,
contacts/760,760,PATIENT,Ryan,Curtis,,GENDER_OTHER,1979-03-28,,[],"[{'number': '6083459371', 'type': 'MOBILE'}]",6083459371,"[{'address': 'wednesday@gmail.com', 'type': 'EMAIL_ADDRESS_TYPE_UNSPECIFIED'}]",wednesday@gmail.com,ACTIVE,,0001-01-01,contacts/760,,,2025-01-09T20:26:47Z,curtisryan760,True,
contacts/759,759,PATIENT,Ryan,Curtis,,GENDER_OTHER,1979-03-28,,[],"[{'number': '6083459371', 'type': 'MOBILE'}]",6083459371,"[{'address': 'wednesday@gmail.com', 'type': 'EMAIL_ADDRESS_TYPE_UNSPECIFIED'}]",wednesday@gmail.com,ACTIVE,,0001-01-01,contacts/759,,,2025-01-09T20:20:05Z,curtisryan759,True,
contacts/758,758,PATIENT,Ryan,Curtis,,GENDER_OTHER,1979-03-28,,[],"[{'number': '6083459371', 'type': 'MOBILE'}]",6083459371,"[{'address': 'wednesday@gmail.com', 'type': 'EMAIL_ADDRESS_TYPE_UNSPECIFIED'}]",wednesday@gmail.com,ACTIVE,,0001-01-01,contacts/758,,,2025-01-09T20:16:50Z,curtisryan758,True,
contacts/757,757,PATIENT,Ryan,Curtis,,GENDER_OTHER,1979-03-28,,[],"[{'number': '6083459371', 'type': 'MOBILE'}]",6083459371,"[{'address': 'wednesday@gmail.com', 'type': 'EMAIL_ADDRESS_TYPE_UNSPECIFIED'}]",wednesday@gmail.com,ACTIVE,,0001-01-01,contacts/757,,,2025-01-09T19:20:40Z,curtisryan757,True,
contacts/756,756,PATIENT,MC,Hammer,,GENDER_OTHER,1989-02-18,,[],"[{'number': '1346654322', 'type': 'MOBILE'}]",1346654322,"[{'address': 'mc@hammerman.com', 'type': 'EMAIL_ADDRESS_TYPE_UNSPECIFIED'}]",mc@hammerman.com,ACTIVE,,0001-01-01,contacts/756,,,2025-01-09T18:34:56Z,hammermc756,True,
contacts/755,755,PATIENT,Brad,Doille,,GENDER_OTHER,1991-12-12,,[],"[{'number': '6667766555', 'type': 'MOBILE'}]",6667766555,"[{'address': 'brad@gmoil.com', 'type': 'EMAIL_ADDRESS_TYPE_UNSPECIFIED'}]",brad@gmoil.com,ACTIVE,,0001-01-01,contacts/755,,,2025-01-09T18:24:22Z,doillebrad755,True,
contacts/754,754,PATIENT,David,Downs,,GENDER_OTHER,1942-04-10,,[],"[{'number': '9722244660', 'type': 'MOBILE'}]",9722244660,"[{'address': 'DavidMDowns@dayrep.com', 'type': 'EMAIL_ADDRESS_TYPE_UNSPECIFIED'}]",DavidMDowns@dayrep.com,ACTIVE,,0001-01-01,contacts/754,,,2025-01-09T18:20:10Z,downsdavid754,True,
contacts/753,753,PATIENT,John,Cena,,GENDER_OTHER,1967-03-23,,[],"[{'number': '4445566644', 'type': 'MOBILE'}]",4445566644,"[{'address': 'john.c@testmail.com', 'type': 'EMAIL_ADDRESS_TYPE_UNSPECIFIED'}]",john.c@testmail.com,ACTIVE,,0001-01-01,contacts/753,,,2025-01-09T17:54:46Z,cenajohn753,True,
contacts/752,752,PATIENT,Chris,Tomerda,,GENDER_OTHER,1956-10-15,,[],"[{'number': '3493939382', 'type': 'MOBILE'}]",3493939382,"[{'address': 'chris.t@abc123.com', 'type': 'EMAIL_ADDRESS_TYPE_UNSPECIFIED'}]",chris.t@abc123.com,ACTIVE,,0001-01-01,contacts/752,,,2025-01-09T17:53:01Z,tomerdachris752,True,
contacts/751,751,PATIENT,John,Rambo,,GENDER_OTHER,1972-01-10,,[],"[{'number': '3023172539', 'type': 'MOBILE'}]",3023172539,"[{'address': 'JohnJRambo@rhyta.com', 'type': 'EMAIL_ADDRESS_TYPE_UNSPECIFIED'}]",JohnJRambo@rhyta.com,ACTIVE,,0001-01-01,contacts/751,,,2025-01-09T16:22:54Z,rambojohn751,True,
contacts/750,750,PATIENT,Harold,Cavazos,,GENDER_OTHER,1974-03-08,,[],"[{'number': '2096522643', 'type': 'MOBILE'}]",2096522643,"[{'address': 'HaroldACavazos@jourrapide.com', 'type': 'EMAIL_ADDRESS_TYPE_UNSPECIFIED'}]",HaroldACavazos@jourrapide.com,ACTIVE,,0001-01-01,contacts/750,,,2025-01-09T16:15:21Z,cavazosharold750,True,
contacts/749,749,PATIENT,Emily,Schmidt,,GENDER_OTHER,1962-06-23,,[],"[{'number': '3604693492', 'type': 'MOBILE'}]",3604693492,"[{'address': 'EmilyPSchmidt@example.com', 'type': 'EMAIL_ADDRESS_TYPE_UNSPECIFIED'}]",EmilyPSchmidt@example.com,ACTIVE,,0001-01-01,contacts/749,,,2025-01-08T21:59:38Z,schmidtemily749,True,
contacts/748,748,PATIENT,Sarah,Lorenzen,,GENDER_OTHER,1973-05-21,,[],"[{'number': '6238781185', 'type': 'MOBILE'}]",6238781185,"[{'address': 'SarahALorenzen@example.com', 'type': 'EMAIL_ADDRESS_TYPE_UNSPECIFIED'}]",SarahALorenzen@example.com,ACTIVE,,0001-01-01,contacts/748,,,2025-01-08T20:30:49Z,lorenzensarah748,True,
contacts/747,747,PATIENT,Julius,Danielsen,,GENDER_OTHER,1954-04-12,,[],"[{'number': '2675522281', 'type': 'MOBILE'}]",2675522281,"[{'address': 'JuliusADanielsen@example.com', 'type': 'EMAIL_ADDRESS_TYPE_UNSPECIFIED'}]",JuliusADanielsen@example.com,ACTIVE,,0001-01-01,contacts/747,,,2025-01-08T20:29:27Z,danielsenjulius747,True,
contacts/746,746,PATIENT,Sebastian,Madsen,,GENDER_OTHER,1993-06-27,,[],"[{'number': '2137019677', 'type': 'MOBILE'}]",2137019677,"[{'address': 'SebastianLMadsen@example.com', 'type': 'EMAIL_ADDRESS_TYPE_UNSPECIFIED'}]",SebastianLMadsen@example.com,ACTIVE,,0001-01-01,contacts/746,,,2025-01-08T19:56:21Z,madsensebastian746,True,
contacts/745,745,PATIENT,Mike,Winther,,GENDER_OTHER,1990-04-30,,[],"[{'number': '5136388622', 'type': 'MOBILE'}]",5136388622,"[{'address': 'MikeJWinther@example.us', 'type': 'EMAIL_ADDRESS_TYPE_UNSPECIFIED'}]",MikeJWinther@example.us,ACTIVE,,0001-01-01,contacts/745,,,2025-01-08T18:32:12Z,winthermike745,True,
contacts/744,744,PATIENT,as,as,,GENDER_OTHER,1986-01-01,,[],"[{'number': '1223344556', 'type': 'MOBILE'}]",1223344556,"[{'address': 't@t.com', 'type': 'EMAIL_ADDRESS_TYPE_UNSPECIFIED'}]",t@t.com,ACTIVE,,0001-01-01,contacts/744,,,2025-01-08T18:23:40Z,asas744,True,
contacts/743,743,PATIENT,Igor,Miti,,GENDER_OTHER,1967-04-18,,[],"[{'number': '1231256642', 'type': 'MOBILE'}]",1231256642,"[{'address': 'igor@miti.com', 'type': 'EMAIL_ADDRESS_TYPE_UNSPECIFIED'}]",igor@miti.com,ACTIVE,,0001-01-01,contacts/743,,,2025-01-08T18:17:27Z,mitiigor743,True,
contacts/742,742,PATIENT,Thomas,Datrainne,,GENDER_OTHER,1980-05-01,,[],"[{'number': '2939394847', 'type': 'MOBILE'}]",2939394847,"[{'address': 'thomas@testemail.com', 'type': 'EMAIL_ADDRESS_TYPE_UNSPECIFIED'}]",thomas@testemail.com,ACTIVE,,0001-01-01,contacts/742,,,2025-01-08T18:13:56Z,datrainnethomas742,True,
contacts/741,741,PATIENT,Ryan,Curtis,,GENDER_OTHER,1979-03-28,,[],"[{'number': '6083459371', 'type': 'MOBILE'}]",6083459371,"[{'address': 'wednesday@gmail.com', 'type': 'EMAIL_ADDRESS_TYPE_UNSPECIFIED'}]",wednesday@gmail.com,ACTIVE,,0001-01-01,contacts/741,,,2025-01-08T18:02:08Z,curtisryan741,True,
contacts/740,740,PATIENT,Michael,Brandt,,GENDER_OTHER,2017-09-18,,[],"[{'number': '9138793022', 'type': 'MOBILE'}]",9138793022,"[{'address': 'MichaelNBrandt@example.us', 'type': 'EMAIL_ADDRESS_TYPE_UNSPECIFIED'}]",MichaelNBrandt@example.us,ACTIVE,,0001-01-01,contacts/740,,,2025-01-07T23:59:55Z,brandtmichael740,True,
contacts/739,739,PATIENT,Nanna,Bak,,GENDER_OTHER,2003-04-03,,[],"[{'number': '5037977214', 'type': 'MOBILE'}]",5037977214,"[{'address': 'NannaLBak@example.com', 'type': 'EMAIL_ADDRESS_TYPE_UNSPECIFIED'}]",NannaLBak@example.com,ACTIVE,,0001-01-01,contacts/739,,,2025-01-07T23:57:25Z,baknanna739,True,
contacts/738,738,PATIENT,Nanna,Bak,,GENDER_OTHER,1950-04-03,,[],"[{'number': '5037977214', 'type': 'MOBILE'}]",5037977214,"[{'address': 'NannaLBak@example.com', 'type': 'EMAIL_ADDRESS_TYPE_UNSPECIFIED'}]",NannaLBak@example.com,ACTIVE,,0001-01-01,contacts/738,,,2025-01-07T23:51:52Z,baknanna738,True,
contacts/737,737,PATIENT,Sofia,Schmidt,,GENDER_OTHER,1971-07-24,,[],"[{'number': '4252268958', 'type': 'MOBILE'}]",4252268958,"[{'address': 'SofiaMSchmidt@example.us', 'type': 'EMAIL_ADDRESS_TYPE_UNSPECIFIED'}]",SofiaMSchmidt@example.us,ACTIVE,,0001-01-01,contacts/737,,,2025-01-07T23:14:06Z,schmidtsofia737,True,
contacts/736,736,PATIENT,Tristan,Mikkelsen,,GENDER_OTHER,1963-04-01,,[],"[{'number': '9112237951', 'type': 'MOBILE'}]",9112237951,"[{'address': 'TristanSMikkelsen@dayrep.com', 'type': 'EMAIL_ADDRESS_TYPE_UNSPECIFIED'}]",TristanSMikkelsen@dayrep.com,ACTIVE,,0001-01-01,contacts/736,,,2025-01-07T23:11:50Z,mikkelsentristan736,True,
contacts/735,735,PATIENT,Peter,Winther,,GENDER_OTHER,1939-03-26,,[],"[{'number': '2484711189', 'type': 'MOBILE'}]",2484711189,"[{'address': 'PeterCWinther@jourrapide.com', 'type': 'EMAIL_ADDRESS_TYPE_UNSPECIFIED'}]",PeterCWinther@jourrapide.com,ACTIVE,,0001-01-01,contacts/735,,,2025-01-07T23:02:13Z,wintherpeter735,True,
contacts/734,734,PATIENT,Jova,Samaniego,,GENDER_OTHER,1959-09-26,,[],"[{'number': '5749921643', 'type': 'MOBILE'}]",5749921643,"[{'address': 'JovaCorralesSamaniego@example.com', 'type': 'EMAIL_ADDRESS_TYPE_UNSPECIFIED'}]",JovaCorralesSamaniego@example.com,ACTIVE,,0001-01-01,contacts/734,,,2025-01-07T22:24:50Z,samaniegojova734,True,
contacts/733,733,PATIENT,Test,Patient,,GENDER_OTHER,1991-01-10,,[],"[{'number': '9498068876', 'type': 'MOBILE'}]",9498068876,[],,ACTIVE,,0001-01-01,contacts/733,,,2025-01-06T14:19:18Z,patienttest733,,
contacts/732,732,PATIENT,Test,Patient,,GENDER_OTHER,1991-01-10,,[],"[{'number': '8034246051', 'type': 'MOBILE'}]",8034246051,[],,ACTIVE,,0001-01-01,contacts/732,,,2025-01-06T14:18:44Z,patienttest732,,
contacts/731,731,PATIENT,Test,Patient,,GENDER_OTHER,1991-01-10,,[],"[{'number': '3209909391', 'type': 'MOBILE'}]",3209909391,[],,ACTIVE,,0001-01-01,contacts/731,,,2025-01-06T14:18:09Z,patienttest731,,
contacts/730,730,PATIENT,Test,Patient,,GENDER_OTHER,1991-01-10,,[],"[{'number': '8162805452', 'type': 'MOBILE'}]",8162805452,[],,ACTIVE,,0001-01-01,contacts/730,,,2025-01-06T14:16:52Z,patienttest730,,
contacts/729,729,PATIENT,Test,Patient,,GENDER_OTHER,1991-01-10,,[],"[{'number': '3144609158', 'type': 'MOBILE'}]",3144609158,[],,ACTIVE,,0001-01-01,contacts/729,,,2025-01-06T13:37:06Z,patienttest729,,
contacts/728,728,PATIENT,Test,Patient,,GENDER_OTHER,1991-01-10,,[],"[{'number': '9378328333', 'type': 'MOBILE'}]",9378328333,[],,ACTIVE,,0001-01-01,contacts/728,,,2025-01-06T13:35:37Z,patienttest728,,
contacts/727,727,PATIENT,Test,Patient,,GENDER_OTHER,1991-01-10,,[],"[{'number': '7709516489', 'type': 'MOBILE'}]",7709516489,[],,ACTIVE,,0001-01-01,contacts/727,,,2025-01-06T13:30:37Z,patienttest727,,
contacts/726,726,PATIENT,Test,Patient,,GENDER_OTHER,1991-01-10,,[],"[{'number': '3028326467', 'type': 'MOBILE'}]",3028326467,[],,ACTIVE,,0001-01-01,contacts/726,,,2025-01-06T13:27:41Z,patienttest726,,
contacts/725,725,PATIENT,Test,Patient,,GENDER_OTHER,1991-01-10,,[],"[{'number': '2515540127', 'type': 'MOBILE'}]",2515540127,[],,ACTIVE,,0001-01-01,contacts/725,,,2025-01-06T13:24:57Z,patienttest725,,
contacts/724,724,PATIENT,Test,Patient,,GENDER_OTHER,1991-01-10,,[],"[{'number': '8315183224', 'type': 'MOBILE'}]",8315183224,[],,ACTIVE,,0001-01-01,contacts/724,,,2025-01-06T13:17:48Z,patienttest724,,
contacts/723,723,PATIENT,Test,Patient,,GENDER_OTHER,1991-01-10,,[],"[{'number': '4235041221', 'type': 'MOBILE'}]",4235041221,[],,ACTIVE,,0001-01-01,contacts/723,,,2025-01-06T13:16:53Z,patienttest723,,
contacts/722,722,PATIENT,Test,Patient,,GENDER_OTHER,1991-01-10,,[],"[{'number': '2723426970', 'type': 'MOBILE'}]",2723426970,[],,ACTIVE,,0001-01-01,contacts/722,,,2025-01-06T13:13:20Z,patienttest722,,
contacts/721,721,PATIENT,Test,Patient,,GENDER_OTHER,1991-01-10,,[],"[{'number': '7348416918', 'type': 'MOBILE'}]",7348416918,[],,ACTIVE,,0001-01-01,contacts/721,,,2025-01-06T13:13:14Z,patienttest721,,
contacts/720,720,PATIENT,Test,Patient,,GENDER_OTHER,1991-01-10,,[],"[{'number': '8386959643', 'type': 'MOBILE'}]",8386959643,[],,ACTIVE,,0001-01-01,contacts/720,,,2025-01-06T13:09:00Z,patienttest720,,
contacts/719,719,PATIENT,tes,tes,,GENDER_OTHER,1991-01-10,,[],"[{'number': '8656034224', 'type': 'MOBILE'}]",8656034224,[],,ACTIVE,,0001-01-01,contacts/719,,,2025-01-06T13:05:56Z,testes719,,
contacts/718,718,PATIENT,Tia,Mowry,,GENDER_OTHER,1990-10-11,,"[{'street_address': '1305 6th Avenue', 'city': 'New York', 'state': 'NY', 'postal_code': '10028', 'country_code': '', 'type': 'ADDRESS_TYPE_UNSPECIFIED'}]","[{'number': '4083598976', 'type': 'MOBILE'}]",4083598976,"[{'address': 'tiatia@yahoo.com', 'type': 'EMAIL_ADDRESS_TYPE_UNSPECIFIED'}]",tiatia@yahoo.com,ACTIVE,,0001-01-01,contacts/718,,,2025-01-05T22:45:29Z,mowrytia718,True,
contacts/717,717,PATIENT,David,Palmer,,GENDER_OTHER,1996-07-01,,[],"[{'number': '2345678977', 'type': 'MOBILE'}]",2345678977,[],,ACTIVE,,0001-01-01,contacts/717,,,2025-01-05T15:50:16Z,palmerdavid717,,
contacts/716,716,PATIENT,tes,tes,,GENDER_OTHER,1991-01-10,,[],"[{'number': '8656034224', 'type': 'MOBILE'}]",8656034224,[],,ACTIVE,,0001-01-01,contacts/716,,,2025-01-05T15:42:48Z,testes716,,
contacts/715,715,PATIENT,dev,coler,,GENDER_OTHER,2000-02-05,,[],"[{'number': '5555555555', 'type': 'MOBILE'}]",5555555555,[],,ACTIVE,,0001-01-01,contacts/715,,,2025-01-05T15:06:31Z,colerdev715,,
contacts/714,714,PATIENT,Zygmund,Kowalski,,GENDER_OTHER,1967-02-12,,"[{'street_address': '1431 N Main St', 'city': 'Royal Oak', 'state': 'Michigan', 'postal_code': '48067', 'country_code': '', 'type': 'ADDRESS_TYPE_UNSPECIFIED'}]","[{'number': '2487654321', 'type': 'MOBILE'}]",2487654321,"[{'address': 'zygmund.kowalski@email.com', 'type': 'EMAIL_ADDRESS_TYPE_UNSPECIFIED'}]",zygmund.kowalski@email.com,ACTIVE,,0001-01-01,contacts/714,,,2025-01-04T16:55:32Z,kowalskizygmund714,,
contacts/713,713,PATIENT,Zygmund,Kowalczyk,,GENDER_OTHER,1967-02-12,,"[{'street_address': '1455 Foothill Blvd', 'city': 'La Verne', 'state': 'California', 'postal_code': '91750', 'country_code': '', 'type': 'ADDRESS_TYPE_UNSPECIFIED'}]","[{'number': '9095598765', 'type': 'MOBILE'}]",9095598765,"[{'address': 'zygmund.kowalczyk@email.com', 'type': 'EMAIL_ADDRESS_TYPE_UNSPECIFIED'}]",zygmund.kowalczyk@email.com,ACTIVE,,0001-01-01,contacts/713,,,2025-01-04T16:55:26Z,kowalczykzygmund713,,
contacts/712,712,PATIENT,Zygmund,Kowalczyk,,GENDER_OTHER,1967-02-12,,"[{'street_address': '1431 N Main St', 'city': 'Pueblo', 'state': 'Colorado', 'postal_code': '81003', 'country_code': '', 'type': 'ADDRESS_TYPE_UNSPECIFIED'}]","[{'number': '7195448789', 'type': 'MOBILE'}]",7195448789,"[{'address': 'zygmund.kowalczyk@email.com', 'type': 'EMAIL_ADDRESS_TYPE_UNSPECIFIED'}]",zygmund.kowalczyk@email.com,ACTIVE,,0001-01-01,contacts/712,,,2025-01-04T16:55:19Z,kowalczykzygmund712,,
contacts/711,711,PATIENT,Zorvath,Korvensen,,GENDER_OTHER,1975-06-12,,"[{'street_address': '1456 Maple St', 'city': 'Portland', 'state': 'Oregon', 'postal_code': '97201', 'country_code': '', 'type': 'ADDRESS_TYPE_UNSPECIFIED'}]","[{'number': '5036543298', 'type': 'MOBILE'}]",5036543298,"[{'address': 'zorvath.korvensen@email.com', 'type': 'EMAIL_ADDRESS_TYPE_UNSPECIFIED'}]",zorvath.korvensen@email.com,ACTIVE,,0001-01-01,contacts/711,,,2025-01-04T16:55:14Z,korvensenzorvath711,,
contacts/710,710,PATIENT,Zephyrine,Krausz,,GENDER_OTHER,1975-02-12,,"[{'street_address': '1431 Westheimer Rd', 'city': 'Houston', 'state': 'Texas', 'postal_code': '77006', 'country_code': '', 'type': 'ADDRESS_TYPE_UNSPECIFIED'}]","[{'number': '7136543298', 'type': 'MOBILE'}]",7136543298,"[{'address': 'zephyrine.krausz@email.com', 'type': 'EMAIL_ADDRESS_TYPE_UNSPECIFIED'}]",zephyrine.krausz@email.com,ACTIVE,,0001-01-01,contacts/710,,,2025-01-04T16:55:10Z,krauszzephyrine710,,
contacts/709,709,PATIENT,Zayden,Krieg,,GENDER_OTHER,1975-02-12,,"[{'street_address': '1431 Waverly St', 'city': 'Palo Alto', 'state': 'California', 'postal_code': '94301', 'country_code': '', 'type': 'ADDRESS_TYPE_UNSPECIFIED'}]","[{'number': '6503219876', 'type': 'MOBILE'}]",6503219876,"[{'address': 'zayden.krieg@email.com', 'type': 'EMAIL_ADDRESS_TYPE_UNSPECIFIED'}]",zayden.krieg@email.com,ACTIVE,,0001-01-01,contacts/709,,,2025-01-04T16:55:02Z,kriegzayden709,,
contacts/708,708,PATIENT,Zorvath,Kaelin,,GENDER_OTHER,1975-06-12,,"[{'street_address': '1456 Oakwood Ave', 'city': 'Baltimore', 'state': 'Maryland', 'postal_code': '21224', 'country_code': '', 'type': 'ADDRESS_TYPE_UNSPECIFIED'}]","[{'number': '4106789012', 'type': 'MOBILE'}]",4106789012,"[{'address': 'zorvath.kaelin@email.com', 'type': 'EMAIL_ADDRESS_TYPE_UNSPECIFIED'}]",zorvath.kaelin@email.com,ACTIVE,,0001-01-01,contacts/708,,,2025-01-04T16:54:29Z,kaelinzorvath708,,
