_id,name,type,given_name,family_name,primary_email_address,state,credential,clinics,addresses,phone_numbers,email_addresses,createdAt,updatedAt,__v,birth_date,gender,notes,primary_phone_number
6ed51c81-0810-4518-9438-3ac60f32f5c2,Dean Castro,6785a2ebcc83a99047c4e3f7,Dean,Castro,kthornton@gmail.com,ACTIVE,7507e641-401b-4b35-9003-1eb029304834,['99ff61b3-8969-490c-9931-a4549378b4ab'],"[{'street_address': '123 Main St', 'city': 'Springfield', 'state': 'Illinois', 'postal_code': '62701', 'country_code': 'US', 'type': 'home'}]","[{'number': '123456789', 'type': 'mobile'}]","[{'address': 'kthornton@gmail.com', 'type': 'work'}]",2025-01-14 02:41:25.015,2025-01-16 03:36:48.472,0,1/1/1980,OTHER,Aditional notes,123456789
64d0785f-045a-4f56-b996-0e5d1358cf1e,Richard Lin,6785a2ebcc83a99047c4e3f7,Richard,Lin,booneguy@yahoo.com,ACTIVE,3fc93c2e-5740-4cda-8bee-0743905989b7,['2e8ecac2-db84-417b-8d07-a5749f15ce43'],"[{'street_address': '123 Main St', 'city': 'Springfield', 'state': 'Illinois', 'postal_code': '62701', 'country_code': 'US', 'type': 'home'}]","[{'number': '123456789', 'type': 'mobile'}]","[{'address': 'booneguy@yahoo.com', 'type': 'work'}]",2025-01-14 02:41:30.090,2025-01-16 03:36:48.782,0,1/1/1980,FEMALE,Aditional notes,123456789
e37b9230-9557-40e4-8433-dc7f792ff7e4,Alicia Velazquez,6785a2ebcc83a99047c4e3f7,Alicia,Velazquez,gregory11@reid.org,ACTIVE,d86a9543-c65f-4325-a8e3-dcae14259c17,['ea20e6f0-363f-42f6-8ac6-213e8ae0c1e4'],"[{'street_address': '123 Main St', 'city': 'Springfield', 'state': 'Illinois', 'postal_code': '62701', 'country_code': 'US', 'type': 'home'}]","[{'number': '123456789', 'type': 'mobile'}]","[{'address': 'gregory11@reid.org', 'type': 'work'}]",2025-01-14 02:41:34.251,2025-01-16 03:36:49.080,0,1/1/1980,FEMALE,Aditional notes,123456789
779e7162-8b6e-4f49-8f43-428c66d8e001,Lisa Moyer,6785a2ebcc83a99047c4e3f7,Lisa,Moyer,john92@santiago-shepherd.com,ACTIVE,aed3cac2-8ab1-41bb-a157-50b2f7c95c0f,['cfcac18c-f46b-410a-9fad-dd9778955387'],"[{'street_address': '123 Main St', 'city': 'Springfield', 'state': 'Illinois', 'postal_code': '62701', 'country_code': 'US', 'type': 'home'}]","[{'number': '123456789', 'type': 'mobile'}]","[{'address': 'john92@santiago-shepherd.com', 'type': 'work'}]",2025-01-14 02:41:38.341,2025-01-16 03:36:49.371,0,1/1/1980,MALE,Aditional notes,123456789
c8a1a95e-b0dc-4496-981c-0e1f4a1c6e2d,Michael Montes,6785a2ebcc83a99047c4e3f7,Michael,Montes,joshuapugh@hotmail.com,ACTIVE,b54c399d-2996-4828-ae73-766a69ae8337,['ea20e6f0-363f-42f6-8ac6-213e8ae0c1e4'],"[{'street_address': '123 Main St', 'city': 'Springfield', 'state': 'Illinois', 'postal_code': '62701', 'country_code': 'US', 'type': 'home'}]","[{'number': '123456789', 'type': 'mobile'}]","[{'address': 'joshuapugh@hotmail.com', 'type': 'work'}]",2025-01-14 02:41:41.693,2025-01-16 03:36:49.661,0,1/1/1980,OTHER,Aditional notes,123456789
bd61d67e-04c7-4679-ab3c-c9e8195432ea,Christine Hall,6785a2ebcc83a99047c4e3f7,Christine,Hall,nicole87@yahoo.com,ACTIVE,72fda993-7593-4286-bf30-c37f08f5d0a0,['b0516ea5-e995-4f98-ab14-a8a7cb579c22'],"[{'street_address': '123 Main St', 'city': 'Springfield', 'state': 'Illinois', 'postal_code': '62701', 'country_code': 'US', 'type': 'home'}]","[{'number': '123456789', 'type': 'mobile'}]","[{'address': 'nicole87@yahoo.com', 'type': 'work'}]",2025-01-14 02:41:46.278,2025-01-16 03:36:49.952,0,1/1/1980,FEMALE,Aditional notes,123456789
1427e293-d51b-483f-853f-e5bc465dfa36,David Grant,6785a2ebcc83a99047c4e3f7,David,Grant,charlesgonzales@hotmail.com,ACTIVE,973b44e6-4cc5-453b-b275-137bad23f01d,['ea20e6f0-363f-42f6-8ac6-213e8ae0c1e4'],"[{'street_address': '123 Main St', 'city': 'Springfield', 'state': 'Illinois', 'postal_code': '62701', 'country_code': 'US', 'type': 'home'}]","[{'number': '123456789', 'type': 'mobile'}]","[{'address': 'charlesgonzales@hotmail.com', 'type': 'work'}]",2025-01-14 02:41:50.384,2025-01-16 03:36:50.244,0,1/1/1980,MALE,Aditional notes,123456789
77c63d6c-0662-4f6a-90ab-4513304068e3,Crystal Eaton,6785a2ebcc83a99047c4e3f7,Crystal,Eaton,ubrown@hotmail.com,ACTIVE,e817d648-ce38-4ed8-8c91-7edf249a2c8d,['2e8ecac2-db84-417b-8d07-a5749f15ce43'],"[{'street_address': '123 Main St', 'city': 'Springfield', 'state': 'Illinois', 'postal_code': '62701', 'country_code': 'US', 'type': 'home'}]","[{'number': '123456789', 'type': 'mobile'}]","[{'address': 'ubrown@hotmail.com', 'type': 'work'}]",2025-01-14 02:41:54.280,2025-01-16 03:36:50.543,0,1/1/1980,OTHER,Aditional notes,123456789
fd96f1df-4dce-4387-8848-6d6b924ee8d9,Jacob Sullivan,6785a2ebcc83a99047c4e3f7,Jacob,Sullivan,jessewallace@taylor.com,ACTIVE,21154c2a-19e8-4ec9-8532-f5c67fc53bf6,['b0516ea5-e995-4f98-ab14-a8a7cb579c22'],"[{'street_address': '123 Main St', 'city': 'Springfield', 'state': 'Illinois', 'postal_code': '62701', 'country_code': 'US', 'type': 'home'}]","[{'number': '123456789', 'type': 'mobile'}]","[{'address': 'jessewallace@taylor.com', 'type': 'work'}]",2025-01-14 02:41:58.514,2025-01-16 03:36:50.844,0,1/1/1980,FEMALE,Aditional notes,123456789
d52e9ff0-c4b9-4908-b4cf-853e01bc6af3,Gina Moore,6785a2ebcc83a99047c4e3f7,Gina,Moore,zwilson@coleman-frazier.com,ACTIVE,b215b913-c41a-4c54-a73a-86f9fd29bddd,['2e8ecac2-db84-417b-8d07-a5749f15ce43'],"[{'street_address': '123 Main St', 'city': 'Springfield', 'state': 'Illinois', 'postal_code': '62701', 'country_code': 'US', 'type': 'home'}]","[{'number': '123456789', 'type': 'mobile'}]","[{'address': 'zwilson@coleman-frazier.com', 'type': 'work'}]",2025-01-14 02:42:01.546,2025-01-16 03:36:51.157,0,1/1/1980,OTHER,Aditional notes,123456789
39823848-1ef2-4371-8aee-1dcaf6c335c6,James Boone,6785a2ebcc83a99047c4e3f7,James,Boone,randall78@foley.org,ACTIVE,626eaca3-c6c5-4a63-98df-d1ee49e27116,['2e8ecac2-db84-417b-8d07-a5749f15ce43'],"[{'street_address': '123 Main St', 'city': 'Springfield', 'state': 'Illinois', 'postal_code': '62701', 'country_code': 'US', 'type': 'home'}]","[{'number': '123456789', 'type': 'mobile'}]","[{'address': 'randall78@foley.org', 'type': 'work'}]",2025-01-14 02:42:06.250,2025-01-16 03:36:51.460,0,1/1/1980,FEMALE,Aditional notes,123456789
1abd95c1-46b3-407b-92ed-9f344608e0a8,Kristin Nixon,6785a2ebcc83a99047c4e3f7,Kristin,Nixon,cruzlindsey@cannon.com,ACTIVE,ac789b86-bcdc-491a-ae6b-2cdb8450216f,['2e8ecac2-db84-417b-8d07-a5749f15ce43'],"[{'street_address': '123 Main St', 'city': 'Springfield', 'state': 'Illinois', 'postal_code': '62701', 'country_code': 'US', 'type': 'home'}]","[{'number': '123456789', 'type': 'mobile'}]","[{'address': 'cruzlindsey@cannon.com', 'type': 'work'}]",2025-01-14 02:42:10.401,2025-01-16 03:36:51.762,0,1/1/1980,OTHER,Aditional notes,123456789
af31455c-de5c-47e5-9eae-982dd02eaa90,Jeffrey Barnett,6785a2ebcc83a99047c4e3f7,Jeffrey,Barnett,webbcalvin@murphy-lopez.com,ACTIVE,2afa0592-0ec4-4faa-9b67-0b4728d708be,['b0516ea5-e995-4f98-ab14-a8a7cb579c22'],"[{'street_address': '123 Main St', 'city': 'Springfield', 'state': 'Illinois', 'postal_code': '62701', 'country_code': 'US', 'type': 'home'}]","[{'number': '123456789', 'type': 'mobile'}]","[{'address': 'webbcalvin@murphy-lopez.com', 'type': 'work'}]",2025-01-14 02:42:13.927,2025-01-16 03:36:52.109,0,1/1/1980,MALE,Aditional notes,123456789
2a38ec4a-5023-44f2-82e1-bee0f46a0d12,Krystal Horne,6785a2ebcc83a99047c4e3f7,Krystal,Horne,mendozaangela@yahoo.com,ACTIVE,1c90c013-70fd-4474-8853-ad9c68e8cbfd,['b0516ea5-e995-4f98-ab14-a8a7cb579c22'],"[{'street_address': '123 Main St', 'city': 'Springfield', 'state': 'Illinois', 'postal_code': '62701', 'country_code': 'US', 'type': 'home'}]","[{'number': '123456789', 'type': 'mobile'}]","[{'address': 'mendozaangela@yahoo.com', 'type': 'work'}]",2025-01-14 02:42:18.039,2025-01-16 03:36:52.427,0,1/1/1980,FEMALE,Aditional notes,123456789
9897b270-3bc4-4d67-9d08-e55e151221ea,Jeffrey Beck,6785a2ebcc83a99047c4e3f7,Jeffrey,Beck,kristina37@williams.com,ACTIVE,28e54474-92b6-442d-a18c-0a298bd225f1,['2e8ecac2-db84-417b-8d07-a5749f15ce43'],"[{'street_address': '123 Main St', 'city': 'Springfield', 'state': 'Illinois', 'postal_code': '62701', 'country_code': 'US', 'type': 'home'}]","[{'number': '123456789', 'type': 'mobile'}]","[{'address': 'kristina37@williams.com', 'type': 'work'}]",2025-01-14 02:42:21.421,2025-01-16 03:36:52.771,0,1/1/1980,FEMALE,Aditional notes,123456789
896adb86-57f2-495f-8d46-c9dd9042963a,Megan Simpson,6785a2ebcc83a99047c4e3f7,Megan,Simpson,ariley@gmail.com,ACTIVE,75587b0b-08b6-4492-8276-7aee632913f2,['99ff61b3-8969-490c-9931-a4549378b4ab'],"[{'street_address': '123 Main St', 'city': 'Springfield', 'state': 'Illinois', 'postal_code': '62701', 'country_code': 'US', 'type': 'home'}]","[{'number': '123456789', 'type': 'mobile'}]","[{'address': 'ariley@gmail.com', 'type': 'work'}]",2025-01-14 02:42:25.436,2025-01-16 03:36:53.092,0,1/1/1980,OTHER,Aditional notes,123456789
30771fe6-2fa8-4110-8b3a-242bb1cff00f,Brandon Simmons,6785a2ebcc83a99047c4e3f7,Brandon,Simmons,martinshannon@santana-ross.com,ACTIVE,3823e72e-4f06-4fac-84c0-c769647852a1,['ea20e6f0-363f-42f6-8ac6-213e8ae0c1e4'],"[{'street_address': '123 Main St', 'city': 'Springfield', 'state': 'Illinois', 'postal_code': '62701', 'country_code': 'US', 'type': 'home'}]","[{'number': '123456789', 'type': 'mobile'}]","[{'address': 'martinshannon@santana-ross.com', 'type': 'work'}]",2025-01-14 02:42:29.291,2025-01-16 03:36:53.397,0,1/1/1980,OTHER,Aditional notes,123456789
70891b03-4099-4ba4-b9d8-63d5dfb3fb1a,Benjamin Ford,6785a2ebcc83a99047c4e3f7,Benjamin,Ford,bsanchez@hotmail.com,ACTIVE,c30b1f91-1b9e-4f47-b049-286d1f57367e,['99ff61b3-8969-490c-9931-a4549378b4ab'],"[{'street_address': '123 Main St', 'city': 'Springfield', 'state': 'Illinois', 'postal_code': '62701', 'country_code': 'US', 'type': 'home'}]","[{'number': '123456789', 'type': 'mobile'}]","[{'address': 'bsanchez@hotmail.com', 'type': 'work'}]",2025-01-14 02:42:33.446,2025-01-16 03:36:53.706,0,1/1/1980,OTHER,Aditional notes,123456789
fe733937-3056-423a-80a3-a871f0162716,Yolanda Taylor,6785a2ebcc83a99047c4e3f7,Yolanda,Taylor,jeffreysheppard@gmail.com,ACTIVE,70e13471-eb54-463d-a315-1c20adc48c09,['ea20e6f0-363f-42f6-8ac6-213e8ae0c1e4'],"[{'street_address': '123 Main St', 'city': 'Springfield', 'state': 'Illinois', 'postal_code': '62701', 'country_code': 'US', 'type': 'home'}]","[{'number': '123456789', 'type': 'mobile'}]","[{'address': 'jeffreysheppard@gmail.com', 'type': 'work'}]",2025-01-14 02:42:35.943,2025-01-16 03:36:54.005,0,1/1/1980,OTHER,Aditional notes,123456789
48f0fa36-58c1-4de0-8add-2c91356d4f1b,Doris Atkins,6785a2ebcc83a99047c4e3f7,Doris,Atkins,elaineperez@li-calderon.biz,ACTIVE,c960d29b-018c-483d-ae78-5ad31bcd0c35,['cfcac18c-f46b-410a-9fad-dd9778955387'],"[{'street_address': '123 Main St', 'city': 'Springfield', 'state': 'Illinois', 'postal_code': '62701', 'country_code': 'US', 'type': 'home'}]","[{'number': '123456789', 'type': 'mobile'}]","[{'address': 'elaineperez@li-calderon.biz', 'type': 'work'}]",2025-01-14 02:42:39.132,2025-01-16 03:36:54.313,0,1/1/1980,FEMALE,Aditional notes,123456789
8a3b3f0a-5eae-4df9-bb3f-5c8ceba7d4bb,Jerry Booker,6785a2ebcc83a99047c4e3f7,Jerry,Booker,kwarner@yahoo.com,ACTIVE,09c8210b-3a26-4f42-b080-b94ac5ad03e8,['ea20e6f0-363f-42f6-8ac6-213e8ae0c1e4'],"[{'street_address': '123 Main St', 'city': 'Springfield', 'state': 'Illinois', 'postal_code': '62701', 'country_code': 'US', 'type': 'home'}]","[{'number': '123456789', 'type': 'mobile'}]","[{'address': 'kwarner@yahoo.com', 'type': 'work'}]",2025-01-14 02:42:42.382,2025-01-16 03:36:54.645,0,1/1/1980,MALE,Aditional notes,123456789
8811dca5-297c-43fe-8e8b-4e41fc6a0c87,Natalie Hayden,6785a2ebcc83a99047c4e3f7,Natalie,Hayden,wilsonisaiah@hotmail.com,ACTIVE,8a5963a3-999a-4ef1-9346-6f003807e113,['cfcac18c-f46b-410a-9fad-dd9778955387'],"[{'street_address': '123 Main St', 'city': 'Springfield', 'state': 'Illinois', 'postal_code': '62701', 'country_code': 'US', 'type': 'home'}]","[{'number': '123456789', 'type': 'mobile'}]","[{'address': 'wilsonisaiah@hotmail.com', 'type': 'work'}]",2025-01-14 02:42:45.606,2025-01-16 03:36:54.949,0,1/1/1980,FEMALE,Aditional notes,123456789
15bb3792-93f7-45d1-a52a-9db3a8df213b,Danny Shaw,6785a2ebcc83a99047c4e3f7,Danny,Shaw,wbaker@torres.com,ACTIVE,bc57f2fd-03ba-42fc-a1ff-13dd9e4d1a24,['b0516ea5-e995-4f98-ab14-a8a7cb579c22'],"[{'street_address': '123 Main St', 'city': 'Springfield', 'state': 'Illinois', 'postal_code': '62701', 'country_code': 'US', 'type': 'home'}]","[{'number': '123456789', 'type': 'mobile'}]","[{'address': 'wbaker@torres.com', 'type': 'work'}]",2025-01-14 02:42:49.544,2025-01-16 03:36:55.250,0,1/1/1980,MALE,Aditional notes,123456789
c55f3f9e-effd-43b0-9fd2-1cb6e5e884e1,Stacy Potts,6785a2ebcc83a99047c4e3f7,Stacy,Potts,yellison@moore-myers.info,ACTIVE,3d60603f-eadd-42ff-a296-569cebaaded7,['b0516ea5-e995-4f98-ab14-a8a7cb579c22'],"[{'street_address': '123 Main St', 'city': 'Springfield', 'state': 'Illinois', 'postal_code': '62701', 'country_code': 'US', 'type': 'home'}]","[{'number': '123456789', 'type': 'mobile'}]","[{'address': 'yellison@moore-myers.info', 'type': 'work'}]",2025-01-14 02:42:53.671,2025-01-16 03:36:55.554,0,1/1/1980,MALE,Aditional notes,123456789
a816ec14-0781-4921-bc6f-b9da3c06bc5c,Hunter Bird,6785a2ebcc83a99047c4e3f7,Hunter,Bird,nathan33@hotmail.com,ACTIVE,6a8af32d-ee1a-45d6-90a0-3c57a2bfcaf4,['cfcac18c-f46b-410a-9fad-dd9778955387'],"[{'street_address': '123 Main St', 'city': 'Springfield', 'state': 'Illinois', 'postal_code': '62701', 'country_code': 'US', 'type': 'home'}]","[{'number': '123456789', 'type': 'mobile'}]","[{'address': 'nathan33@hotmail.com', 'type': 'work'}]",2025-01-14 02:42:57.126,2025-01-16 03:36:55.853,0,1/1/1980,OTHER,Aditional notes,123456789
2db291a8-175f-4495-94f5-ef59cf664dc5,Malik Mitchell,6785a2ebcc83a99047c4e3f7,Malik,Mitchell,rebeccaduffy@butler.com,ACTIVE,6ef87cba-01a5-4945-947a-9fe2d080ed12,['cfcac18c-f46b-410a-9fad-dd9778955387'],"[{'street_address': '123 Main St', 'city': 'Springfield', 'state': 'Illinois', 'postal_code': '62701', 'country_code': 'US', 'type': 'home'}]","[{'number': '123456789', 'type': 'mobile'}]","[{'address': 'rebeccaduffy@butler.com', 'type': 'work'}]",2025-01-14 02:43:01.117,2025-01-16 03:36:56.152,0,1/1/1980,OTHER,Aditional notes,123456789
ba5e3821-3dc2-4634-afe0-58b2c7ac7c98,Curtis Chavez,6785a2ebcc83a99047c4e3f7,Curtis,Chavez,xwarner@gmail.com,ACTIVE,347cc62e-e1f9-4eaf-b506-b21ad5d4ba81,['99ff61b3-8969-490c-9931-a4549378b4ab'],"[{'street_address': '123 Main St', 'city': 'Springfield', 'state': 'Illinois', 'postal_code': '62701', 'country_code': 'US', 'type': 'home'}]","[{'number': '123456789', 'type': 'mobile'}]","[{'address': 'xwarner@gmail.com', 'type': 'work'}]",2025-01-14 02:43:03.684,2025-01-16 03:36:56.458,0,1/1/1980,FEMALE,Aditional notes,123456789
916f7d52-2fe2-4dd2-80ec-fa99011ee52b,Pamela Mcbride,6785a2ebcc83a99047c4e3f7,Pamela,Mcbride,zsanchez@kelly.com,ACTIVE,cdeb31d7-2a7d-49df-aafe-dd8fe9a0772d,['99ff61b3-8969-490c-9931-a4549378b4ab'],"[{'street_address': '123 Main St', 'city': 'Springfield', 'state': 'Illinois', 'postal_code': '62701', 'country_code': 'US', 'type': 'home'}]","[{'number': '123456789', 'type': 'mobile'}]","[{'address': 'zsanchez@kelly.com', 'type': 'work'}]",2025-01-14 02:43:08.538,2025-01-16 03:36:56.761,0,1/1/1980,OTHER,Aditional notes,123456789
a255aa5a-ba79-499e-9608-0b3b0be48b01,Yvette Brandt,6785a2ebcc83a99047c4e3f7,Yvette,Brandt,alloyd@gmail.com,ACTIVE,f8ec2605-3590-49da-ae92-d4513e35b184,['cfcac18c-f46b-410a-9fad-dd9778955387'],"[{'street_address': '123 Main St', 'city': 'Springfield', 'state': 'Illinois', 'postal_code': '62701', 'country_code': 'US', 'type': 'home'}]","[{'number': '123456789', 'type': 'mobile'}]","[{'address': 'alloyd@gmail.com', 'type': 'work'}]",2025-01-14 02:43:12.546,2025-01-16 03:36:57.066,0,1/1/1980,FEMALE,Aditional notes,123456789
2715dbb7-c90b-490c-a3d6-fc7cd5a1e597,Lisa Smith,6785a2ebcc83a99047c4e3f7,Lisa,Smith,iwatson@gmail.com,ACTIVE,8c3e46ea-24d1-4c72-a038-0c3342d63677,['ea20e6f0-363f-42f6-8ac6-213e8ae0c1e4'],"[{'street_address': '123 Main St', 'city': 'Springfield', 'state': 'Illinois', 'postal_code': '62701', 'country_code': 'US', 'type': 'home'}]","[{'number': '123456789', 'type': 'mobile'}]","[{'address': 'iwatson@gmail.com', 'type': 'work'}]",2025-01-14 02:43:17.472,2025-01-16 03:36:57.373,0,1/1/1980,MALE,Aditional notes,123456789
df9578b5-160d-4357-945c-85a67c5a93ed,Janice Long,6785a2ebcc83a99047c4e3f7,Janice,Long,cassie28@tucker-murillo.org,ACTIVE,35ef8893-cd79-44db-b362-8967d85b4326,['cfcac18c-f46b-410a-9fad-dd9778955387'],"[{'street_address': '123 Main St', 'city': 'Springfield', 'state': 'Illinois', 'postal_code': '62701', 'country_code': 'US', 'type': 'home'}]","[{'number': '123456789', 'type': 'mobile'}]","[{'address': 'cassie28@tucker-murillo.org', 'type': 'work'}]",2025-01-14 02:43:42.756,2025-01-16 03:36:57.791,0,1/1/1980,MALE,Aditional notes,123456789
08adf0e8-4f98-471d-9508-91c43fa0b021,Malik Melendez,6785a2ebcc83a99047c4e3f7,Malik,Melendez,ycervantes@hotmail.com,ACTIVE,8c552298-2018-449f-8f82-296e15f2e95a,['b0516ea5-e995-4f98-ab14-a8a7cb579c22'],"[{'street_address': '123 Main St', 'city': 'Springfield', 'state': 'Illinois', 'postal_code': '62701', 'country_code': 'US', 'type': 'home'}]","[{'number': '123456789', 'type': 'mobile'}]","[{'address': 'ycervantes@hotmail.com', 'type': 'work'}]",2025-01-14 02:43:46.738,2025-01-16 03:36:58.107,0,1/1/1980,FEMALE,Aditional notes,123456789
c9f7aae0-b47b-4237-bb37-286c6c5f7d5e,Travis Sloan,6785a2ebcc83a99047c4e3f7,Travis,Sloan,saraklein@tanner.com,ACTIVE,5bbefd32-505a-49bc-9a95-164a73799394,['ea20e6f0-363f-42f6-8ac6-213e8ae0c1e4'],"[{'street_address': '123 Main St', 'city': 'Springfield', 'state': 'Illinois', 'postal_code': '62701', 'country_code': 'US', 'type': 'home'}]","[{'number': '123456789', 'type': 'mobile'}]","[{'address': 'saraklein@tanner.com', 'type': 'work'}]",2025-01-14 02:43:50.742,2025-01-16 03:36:58.412,0,1/1/1980,OTHER,Aditional notes,123456789
b06e8cac-56c3-43cf-8e67-f2934f4c898c,Elaine Willis,6785a2ebcc83a99047c4e3f7,Elaine,Willis,julia16@george.com,ACTIVE,ee766d8a-9156-424d-b55b-bbd0fa08a9cb,['ea20e6f0-363f-42f6-8ac6-213e8ae0c1e4'],"[{'street_address': '123 Main St', 'city': 'Springfield', 'state': 'Illinois', 'postal_code': '62701', 'country_code': 'US', 'type': 'home'}]","[{'number': '123456789', 'type': 'mobile'}]","[{'address': 'julia16@george.com', 'type': 'work'}]",2025-01-14 02:43:55.556,2025-01-16 03:36:58.716,0,1/1/1980,OTHER,Aditional notes,123456789
92543da6-daf6-47ce-b642-ecd29cc0b9b1,Rhonda Woods,6785a2ebcc83a99047c4e3f7,Rhonda,Woods,hermanpatricia@lutz-schmidt.biz,ACTIVE,47dee83f-b4d6-4fcc-9208-5b1855be38ae,['cfcac18c-f46b-410a-9fad-dd9778955387'],"[{'street_address': '123 Main St', 'city': 'Springfield', 'state': 'Illinois', 'postal_code': '62701', 'country_code': 'US', 'type': 'home'}]","[{'number': '123456789', 'type': 'mobile'}]","[{'address': 'hermanpatricia@lutz-schmidt.biz', 'type': 'work'}]",2025-01-14 02:43:59.647,2025-01-16 03:36:59.017,0,1/1/1980,MALE,Aditional notes,123456789
9bed598e-92ea-4ed9-b739-ddf8d0e487bb,David Gonzalez,6785a2ebcc83a99047c4e3f7,David,Gonzalez,sandersconnie@jones-martinez.com,ACTIVE,17f48b31-f1cd-4967-b0b4-5da90257a4b6,['ea20e6f0-363f-42f6-8ac6-213e8ae0c1e4'],"[{'street_address': '123 Main St', 'city': 'Springfield', 'state': 'Illinois', 'postal_code': '62701', 'country_code': 'US', 'type': 'home'}]","[{'number': '123456789', 'type': 'mobile'}]","[{'address': 'sandersconnie@jones-martinez.com', 'type': 'work'}]",2025-01-14 02:44:02.998,2025-01-16 03:36:59.316,0,1/1/1980,FEMALE,Aditional notes,123456789
4e1f2011-7c6c-4aa4-81b6-ad04f75ec568,Oscar Rodriguez,6785a2ebcc83a99047c4e3f7,Oscar,Rodriguez,lduncan@hotmail.com,ACTIVE,0596fd41-8107-4d10-a995-5c523ed5ca83,['cfcac18c-f46b-410a-9fad-dd9778955387'],"[{'street_address': '123 Main St', 'city': 'Springfield', 'state': 'Illinois', 'postal_code': '62701', 'country_code': 'US', 'type': 'home'}]","[{'number': '123456789', 'type': 'mobile'}]","[{'address': 'lduncan@hotmail.com', 'type': 'work'}]",2025-01-14 02:44:07.537,2025-01-16 03:36:59.630,0,1/1/1980,OTHER,Aditional notes,123456789
4a637df4-065d-4f8f-8820-51b38270f29f,Tara Martinez,6785a2ebcc83a99047c4e3f7,Tara,Martinez,timothyberg@murphy.com,ACTIVE,8e20e3aa-76d5-41c5-9d5f-8d314ad4a96d,['cfcac18c-f46b-410a-9fad-dd9778955387'],"[{'street_address': '123 Main St', 'city': 'Springfield', 'state': 'Illinois', 'postal_code': '62701', 'country_code': 'US', 'type': 'home'}]","[{'number': '123456789', 'type': 'mobile'}]","[{'address': 'timothyberg@murphy.com', 'type': 'work'}]",2025-01-14 02:44:09.895,2025-01-16 03:36:59.929,0,1/1/1980,MALE,Aditional notes,123456789
c56c4459-e884-4241-8300-c18d5dbf5e70,David Ramos,6785a2ebcc83a99047c4e3f7,David,Ramos,kimberly41@hotmail.com,ACTIVE,8958dbb8-1066-40e1-bc23-68c2e3721c14,['cfcac18c-f46b-410a-9fad-dd9778955387'],"[{'street_address': '123 Main St', 'city': 'Springfield', 'state': 'Illinois', 'postal_code': '62701', 'country_code': 'US', 'type': 'home'}]","[{'number': '123456789', 'type': 'mobile'}]","[{'address': 'kimberly41@hotmail.com', 'type': 'work'}]",2025-01-14 02:44:13.195,2025-01-16 03:37:00.233,0,1/1/1980,FEMALE,Aditional notes,123456789
7ed2dd7a-a6c2-43ac-b33f-0153740a2db4,Thomas Mcgrath,6785a2ebcc83a99047c4e3f7,Thomas,Mcgrath,ilopez@hill-hernandez.com,ACTIVE,b1d5d41d-4266-4101-abe7-edc75bce3050,['cfcac18c-f46b-410a-9fad-dd9778955387'],"[{'street_address': '123 Main St', 'city': 'Springfield', 'state': 'Illinois', 'postal_code': '62701', 'country_code': 'US', 'type': 'home'}]","[{'number': '123456789', 'type': 'mobile'}]","[{'address': 'ilopez@hill-hernandez.com', 'type': 'work'}]",2025-01-14 02:44:17.428,2025-01-16 03:37:00.590,0,1/1/1980,MALE,Aditional notes,123456789
1f53ce1e-3d20-4681-bf78-c9a9733cc011,Laura Ramirez,6785a2ebcc83a99047c4e3f7,Laura,Ramirez,robert34@yahoo.com,ACTIVE,f268b185-52be-4782-91d9-e23b96a8f1f6,['b0516ea5-e995-4f98-ab14-a8a7cb579c22'],"[{'street_address': '123 Main St', 'city': 'Springfield', 'state': 'Illinois', 'postal_code': '62701', 'country_code': 'US', 'type': 'home'}]","[{'number': '123456789', 'type': 'mobile'}]","[{'address': 'robert34@yahoo.com', 'type': 'work'}]",2025-01-14 02:44:22.387,2025-01-16 03:37:00.911,0,1/1/1980,MALE,Aditional notes,123456789
5036ae8a-5e00-4184-b912-d99539945d36,Ricardo Rivera,6785a2ebcc83a99047c4e3f7,Ricardo,Rivera,smithashley@king-joyce.com,ACTIVE,7cbbe20b-569b-48c0-bcb5-b34952fe4c03,['ea20e6f0-363f-42f6-8ac6-213e8ae0c1e4'],"[{'street_address': '123 Main St', 'city': 'Springfield', 'state': 'Illinois', 'postal_code': '62701', 'country_code': 'US', 'type': 'home'}]","[{'number': '123456789', 'type': 'mobile'}]","[{'address': 'smithashley@king-joyce.com', 'type': 'work'}]",2025-01-14 02:44:27.368,2025-01-16 03:37:01.302,0,1/1/1980,FEMALE,Aditional notes,123456789
eed6c51f-d0d2-40e0-958e-daa4843d70b3,Brandy Fletcher,6785a2ebcc83a99047c4e3f7,Brandy,Fletcher,jacquelineharmon@yahoo.com,ACTIVE,c1686de8-24fa-4323-a395-2e22c6f2b15d,['2e8ecac2-db84-417b-8d07-a5749f15ce43'],"[{'street_address': '123 Main St', 'city': 'Springfield', 'state': 'Illinois', 'postal_code': '62701', 'country_code': 'US', 'type': 'home'}]","[{'number': '123456789', 'type': 'mobile'}]","[{'address': 'jacquelineharmon@yahoo.com', 'type': 'work'}]",2025-01-14 02:44:31.555,2025-01-16 03:37:01.686,0,1/1/1980,MALE,Aditional notes,123456789
f45ace26-0880-46dc-8cc2-4965bcc079b2,Megan Smith,6785a2ebcc83a99047c4e3f7,Megan,Smith,kgoodwin@hotmail.com,ACTIVE,ed4da567-8652-42e7-9b76-ec527409f580,['99ff61b3-8969-490c-9931-a4549378b4ab'],"[{'street_address': '123 Main St', 'city': 'Springfield', 'state': 'Illinois', 'postal_code': '62701', 'country_code': 'US', 'type': 'home'}]","[{'number': '123456789', 'type': 'mobile'}]","[{'address': 'kgoodwin@hotmail.com', 'type': 'work'}]",2025-01-14 02:44:36.262,2025-01-16 03:37:02.099,0,1/1/1980,FEMALE,Aditional notes,123456789
276b3ff9-b7f9-48e3-ad95-00ff447c2afc,Christina Brown,6785a2ebcc83a99047c4e3f7,Christina,Brown,ngregory@yahoo.com,ACTIVE,f69d172e-a993-4691-98ff-e84581812706,['2e8ecac2-db84-417b-8d07-a5749f15ce43'],"[{'street_address': '123 Main St', 'city': 'Springfield', 'state': 'Illinois', 'postal_code': '62701', 'country_code': 'US', 'type': 'home'}]","[{'number': '123456789', 'type': 'mobile'}]","[{'address': 'ngregory@yahoo.com', 'type': 'work'}]",2025-01-14 02:44:40.297,2025-01-16 03:37:02.512,0,1/1/1980,MALE,Aditional notes,123456789
4ed74428-19c8-48ff-813d-5a9631cc7a97,Melanie Singh,6785a2ebcc83a99047c4e3f7,Melanie,Singh,victoria08@brown.com,ACTIVE,4c872fe1-7d95-4027-9e45-af990ee0ca51,['99ff61b3-8969-490c-9931-a4549378b4ab'],"[{'street_address': '123 Main St', 'city': 'Springfield', 'state': 'Illinois', 'postal_code': '62701', 'country_code': 'US', 'type': 'home'}]","[{'number': '123456789', 'type': 'mobile'}]","[{'address': 'victoria08@brown.com', 'type': 'work'}]",2025-01-14 02:44:43.470,2025-01-16 03:37:02.926,0,1/1/1980,FEMALE,Aditional notes,123456789
0a0a789c-857b-45dc-9912-b7d17701fc94,Brenda Dennis,6785a2ebcc83a99047c4e3f7,Brenda,Dennis,lgutierrez@hotmail.com,ACTIVE,f446d733-bd49-41e6-af27-21000bf8915c,['2e8ecac2-db84-417b-8d07-a5749f15ce43'],"[{'street_address': '123 Main St', 'city': 'Springfield', 'state': 'Illinois', 'postal_code': '62701', 'country_code': 'US', 'type': 'home'}]","[{'number': '123456789', 'type': 'mobile'}]","[{'address': 'lgutierrez@hotmail.com', 'type': 'work'}]",2025-01-14 02:44:48.392,2025-01-16 03:37:03.272,0,1/1/1980,MALE,Aditional notes,123456789
4148ae75-140a-42fe-a858-25aca3acd8c0,Crystal Cannon,6785a2ebcc83a99047c4e3f7,Crystal,Cannon,colejulie@reilly-flores.com,ACTIVE,c1bece3e-7e91-4c35-8130-34d3d81d34b5,['b0516ea5-e995-4f98-ab14-a8a7cb579c22'],"[{'street_address': '123 Main St', 'city': 'Springfield', 'state': 'Illinois', 'postal_code': '62701', 'country_code': 'US', 'type': 'home'}]","[{'number': '123456789', 'type': 'mobile'}]","[{'address': 'colejulie@reilly-flores.com', 'type': 'work'}]",2025-01-14 02:44:51.773,2025-01-16 03:37:03.742,0,1/1/1980,MALE,Aditional notes,123456789
2f5d4260-fe12-47a9-aa17-c55ef13f25ed,David Gutierrez,6785a2ebcc83a99047c4e3f7,David,Gutierrez,martinezamber@perez-valenzuela.com,ACTIVE,27bb7381-26d3-4dd9-b5ed-60428d3a28d0,['99ff61b3-8969-490c-9931-a4549378b4ab'],"[{'street_address': '123 Main St', 'city': 'Springfield', 'state': 'Illinois', 'postal_code': '62701', 'country_code': 'US', 'type': 'home'}]","[{'number': '123456789', 'type': 'mobile'}]","[{'address': 'martinezamber@perez-valenzuela.com', 'type': 'work'}]",2025-01-14 02:44:55.787,2025-01-16 03:37:04.156,0,1/1/1980,FEMALE,Aditional notes,123456789
8ef1a77c-60ee-4ff0-88c8-9f76bd9a0790,Rosa Ramírez,6785a2ebcc83a99047c4e3f7,Rosa,Ramírez,rosa.ramírez@gmail.com,ACTIVE,a43bf4ef-7196-4eba-8b38-5cf24c3aac6c,['99ff61b3-8969-490c-9931-a4549378b4ab'],"[{'street_address': '123 Main St', 'city': 'Springfield', 'state': 'Illinois', 'postal_code': '62701', 'country_code': 'US', 'type': 'home'}]","[{'number': '123456789', 'type': 'mobile'}]","[{'address': 'rosa.ramírez@gmail.com', 'type': 'work'}]",2025-01-14 02:44:59.823,2025-01-16 03:36:33.032,0,1/2/1981,FEMALE,Aditional notes,123456789
35b3ff31-68b4-443a-b3b8-7c5c6815f760,Elena García,6785a2ebcc83a99047c4e3f7,Elena,García,elena.garcía@gmail.com,ACTIVE,ab4c610e-81d4-4f56-baab-c5cd6ae557d7,['ea20e6f0-363f-42f6-8ac6-213e8ae0c1e4'],"[{'street_address': '123 Main St', 'city': 'Springfield', 'state': 'Illinois', 'postal_code': '62701', 'country_code': 'US', 'type': 'home'}]","[{'number': '123456789', 'type': 'mobile'}]","[{'address': 'elena.garcía@gmail.com', 'type': 'work'}]",2025-01-14 02:45:03.869,2025-01-16 03:36:45.071,0,1/1/1980,OTHER,Aditional notes,123456789
208b666f-9c20-4037-901c-33115950a92a,Luis Silva,6785a2ebcc83a99047c4e3f7,Luis,Silva,luis.silva@gmail.com,ACTIVE,17cf59dd-4606-470f-96ff-e34ee6408cce,['ea20e6f0-363f-42f6-8ac6-213e8ae0c1e4'],"[{'street_address': 'Bulnes 54', 'city': 'Springfield', 'state': 'Illinois', 'postal_code': '62701', 'country_code': 'US', 'type': 'home'}]","[{'number': '123456789', 'type': 'mobile'}]","[{'address': 'luis.silva@gmail.com', 'type': 'work'}]",2025-01-14 02:45:07.313,2025-01-16 03:36:33.677,0,4/4/1983,MALE,Aditional notes,123456789
cbc81c94-a301-487a-8283-65cbe745f2ff,Elena Sánchez,6785a2ebcc83a99047c4e3f7,Elena,Sánchez,elena.sánchez@gmail.com,ACTIVE,35f5550f-617d-4606-b5c3-e7ebb8577f4f,['ea20e6f0-363f-42f6-8ac6-213e8ae0c1e4'],"[{'street_address': '123 Main St', 'city': 'Springfield', 'state': 'Illinois', 'postal_code': '62701', 'country_code': 'US', 'type': 'home'}]","[{'number': '123456789', 'type': 'mobile'}]","[{'address': 'elena.sánchez@gmail.com', 'type': 'work'}]",2025-01-14 02:45:10.569,2025-01-16 03:36:33.981,0,12/12/1990,FEMALE,Aditional notes,123456789
23b9775e-71f0-44d9-b3ad-d5a4a16e653f,Carlos Ramírez,6785a2ebcc83a99047c4e3f7,Carlos,Ramírez,carlos.ramírez@gmail.com,ACTIVE,7c3f20aa-bf44-4a4e-918c-0f5037683e0a,['ea20e6f0-363f-42f6-8ac6-213e8ae0c1e4'],"[{'street_address': '123 Main St', 'city': 'Springfield', 'state': 'Illinois', 'postal_code': '62701', 'country_code': 'US', 'type': 'home'}]","[{'number': '123456789', 'type': 'mobile'}]","[{'address': 'carlos.ramírez@gmail.com', 'type': 'work'}]",2025-01-14 02:45:15.635,2025-01-16 03:36:34.295,0,1/1/1980,MALE,Aditional notes,123456789
ef0fba4d-768d-41a9-8891-15e626c72f3a,Antonio García,6785a2ebcc83a99047c4e3f7,Antonio,García,antonio.garcía@gmail.com,ACTIVE,f75d6418-466d-4bdd-9eac-8dfbbe15971c,['cfcac18c-f46b-410a-9fad-dd9778955387'],"[{'street_address': '123 Main St', 'city': 'Springfield', 'state': 'Illinois', 'postal_code': '62701', 'country_code': 'US', 'type': 'home'}]","[{'number': '123456789', 'type': 'mobile'}]","[{'address': 'antonio.garcía@gmail.com', 'type': 'work'}]",2025-01-14 02:45:19.650,2025-01-16 03:36:34.602,0,1/1/1980,FEMALE,Aditional notes,123456789
983e083d-9b3c-42cd-9975-42f87a9ee11e,Marta Ruiz,6785a2ebcc83a99047c4e3f7,Marta,Ruiz,marta.ruiz@gmail.com,ACTIVE,6a80078a-8c32-4b62-9aa2-c58c74e16912,['2e8ecac2-db84-417b-8d07-a5749f15ce43'],"[{'street_address': '123 Main St', 'city': 'Springfield', 'state': 'Illinois', 'postal_code': '62701', 'country_code': 'US', 'type': 'home'}]","[{'number': '123456789', 'type': 'mobile'}]","[{'address': 'marta.ruiz@gmail.com', 'type': 'work'}]",2025-01-14 02:45:22.989,2025-01-16 03:36:34.905,0,1/1/1980,OTHER,Aditional notes,123456789
dd8177f9-4750-445e-92eb-72cd1d86c458,Luis González,6785a2ebcc83a99047c4e3f7,Luis,González,luis.gonzález@gmail.com,ACTIVE,d179a891-018b-4bcc-8c13-34b53a93205a,['99ff61b3-8969-490c-9931-a4549378b4ab'],"[{'street_address': '123 Main St', 'city': 'Springfield', 'state': 'Illinois', 'postal_code': '62701', 'country_code': 'US', 'type': 'home'}]","[{'number': '123456789', 'type': 'mobile'}]","[{'address': 'luis.gonzález@gmail.com', 'type': 'work'}]",2025-01-14 02:45:26.303,2025-01-16 03:36:35.213,0,1/1/1980,MALE,Aditional notes,123456789
9cc4c06e-be93-43f9-8c4e-3e59ee032b30,Ana Cruz,6785a2ebcc83a99047c4e3f7,Ana,Cruz,ana.cruz@gmail.com,ACTIVE,0d8a6dd1-1a38-4cda-8399-342059a4fbf6,['b0516ea5-e995-4f98-ab14-a8a7cb579c22'],"[{'street_address': '123 Main St', 'city': 'Springfield', 'state': 'Illinois', 'postal_code': '62701', 'country_code': 'US', 'type': 'home'}]","[{'number': '123456789', 'type': 'mobile'}]","[{'address': 'ana.cruz@gmail.com', 'type': 'work'}]",2025-01-14 02:45:30.409,2025-01-16 03:36:35.521,0,1/1/1980,MALE,Aditional notes,123456789
190c87aa-ccee-4870-85be-497045d6ca86,Marta Ortega,6785a2ebcc83a99047c4e3f7,Marta,Ortega,marta.ortega@gmail.com,ACTIVE,e712982e-9c3b-4dfb-b810-db90fe2b5373,['b0516ea5-e995-4f98-ab14-a8a7cb579c22'],"[{'street_address': '123 Main St', 'city': 'Springfield', 'state': 'Illinois', 'postal_code': '62701', 'country_code': 'US', 'type': 'home'}]","[{'number': '123456789', 'type': 'mobile'}]","[{'address': 'marta.ortega@gmail.com', 'type': 'work'}]",2025-01-14 02:45:34.611,2025-01-16 03:36:35.828,0,1/1/1980,OTHER,Aditional notes,123456789
62a9e861-4758-4a7a-96ab-8ff8279dabf5,Elena Morales,6785a2ebcc83a99047c4e3f7,Elena,Morales,elena.morales@gmail.com,ACTIVE,843668ee-1683-4bbc-b871-cb55bb0f6ffd,['2e8ecac2-db84-417b-8d07-a5749f15ce43'],"[{'street_address': '123 Main St', 'city': 'Springfield', 'state': 'Illinois', 'postal_code': '62701', 'country_code': 'US', 'type': 'home'}]","[{'number': '123456789', 'type': 'mobile'}]","[{'address': 'elena.morales@gmail.com', 'type': 'work'}]",2025-01-14 02:45:38.794,2025-01-16 03:36:36.143,0,1/1/1980,OTHER,Aditional notes,123456789
4a2c7e8c-ecc5-43d6-8a76-af5c7f211680,Antonio Romero,6785a2ebcc83a99047c4e3f7,Antonio,Romero,antonio.romero@gmail.com,ACTIVE,22053ad8-6f91-41f5-8dbd-424eaf6d8192,['ea20e6f0-363f-42f6-8ac6-213e8ae0c1e4'],"[{'street_address': '123 Main St', 'city': 'Springfield', 'state': 'Illinois', 'postal_code': '62701', 'country_code': 'US', 'type': 'home'}]","[{'number': '123456789', 'type': 'mobile'}]","[{'address': 'antonio.romero@gmail.com', 'type': 'work'}]",2025-01-14 02:45:42.082,2025-01-16 03:36:38.035,0,1/1/1980,OTHER,Aditional notes,123456789
b448cebe-fd66-4ceb-93ba-e0692be59ab6,Clara Jiménez,6785a2ebcc83a99047c4e3f7,Clara,Jiménez,clara.jiménez@gmail.com,ACTIVE,d95e8935-21f2-4043-8686-a800e0f4a39b,['cfcac18c-f46b-410a-9fad-dd9778955387'],"[{'street_address': '123 Main St', 'city': 'Springfield', 'state': 'Illinois', 'postal_code': '62701', 'country_code': 'US', 'type': 'home'}]","[{'number': '123456789', 'type': 'mobile'}]","[{'address': 'clara.jiménez@gmail.com', 'type': 'work'}]",2025-01-14 02:45:46.782,2025-01-16 03:36:36.745,0,1/1/1980,FEMALE,Aditional notes,123456789
27ad1be8-fc11-4d3c-9b7a-e7c7a321217a,Sara Cruz,6785a2ebcc83a99047c4e3f7,Sara,Cruz,sara.cruz@gmail.com,ACTIVE,db557d59-ce29-43a4-bf34-e786f44d552a,['ea20e6f0-363f-42f6-8ac6-213e8ae0c1e4'],"[{'street_address': '123 Main St', 'city': 'Springfield', 'state': 'Illinois', 'postal_code': '62701', 'country_code': 'US', 'type': 'home'}]","[{'number': '123456789', 'type': 'mobile'}]","[{'address': 'sara.cruz@gmail.com', 'type': 'work'}]",2025-01-14 02:45:51.556,2025-01-16 03:36:37.048,0,1/1/1980,FEMALE,Aditional notes,123456789
db2fbfdf-b2eb-46c5-9c30-4ab0df8c3974,Marta Jiménez,6785a2ebcc83a99047c4e3f7,Marta,Jiménez,marta.jiménez@gmail.com,ACTIVE,7120c115-6fae-4e3a-b9e6-313b011ddc41,['2e8ecac2-db84-417b-8d07-a5749f15ce43'],"[{'street_address': '123 Main St', 'city': 'Springfield', 'state': 'Illinois', 'postal_code': '62701', 'country_code': 'US', 'type': 'home'}]","[{'number': '123456789', 'type': 'mobile'}]","[{'address': 'marta.jiménez@gmail.com', 'type': 'work'}]",2025-01-14 02:45:55.826,2025-01-16 03:36:37.373,0,1/1/1980,OTHER,Aditional notes,123456789
4edc5fc4-4276-41ec-957a-f804e218c1af,Elena Vargas,6785a2ebcc83a99047c4e3f7,Elena,Vargas,elena.vargas@gmail.com,ACTIVE,27123943-fc4d-41c8-9b7a-f19d48171fae,['b0516ea5-e995-4f98-ab14-a8a7cb579c22'],"[{'street_address': '123 Main St', 'city': 'Springfield', 'state': 'Illinois', 'postal_code': '62701', 'country_code': 'US', 'type': 'home'}]","[{'number': '123456789', 'type': 'mobile'}]","[{'address': 'elena.vargas@gmail.com', 'type': 'work'}]",2025-01-14 02:46:00.082,2025-01-16 03:36:37.714,0,1/1/1980,FEMALE,Aditional notes,123456789
c39aea8f-01d0-410a-a46f-62744f28178a,Ana Ruiz,6785a2ebcc83a99047c4e3f7,Ana,Ruiz,ana.ruiz@gmail.com,ACTIVE,87eac623-912f-4d85-9102-58529ebc8395,['b0516ea5-e995-4f98-ab14-a8a7cb579c22'],"[{'street_address': '123 Main St', 'city': 'Springfield', 'state': 'Illinois', 'postal_code': '62701', 'country_code': 'US', 'type': 'home'}]","[{'number': '123456789', 'type': 'mobile'}]","[{'address': 'ana.ruiz@gmail.com', 'type': 'work'}]",2025-01-14 02:46:04.437,2025-01-16 03:36:38.336,0,1/1/1980,OTHER,Aditional notes,123456789
edcfec91-9eb0-4caa-ae3b-c26c5dda1909,Ana González,6785a2ebcc83a99047c4e3f7,Ana,González,ana.gonzález@gmail.com,ACTIVE,eda6599c-3280-4cd0-8953-c5602d222efa,['cfcac18c-f46b-410a-9fad-dd9778955387'],"[{'street_address': '123 Main St', 'city': 'Springfield', 'state': 'Illinois', 'postal_code': '62701', 'country_code': 'US', 'type': 'home'}]","[{'number': '123456789', 'type': 'mobile'}]","[{'address': 'ana.gonzález@gmail.com', 'type': 'work'}]",2025-01-14 02:46:08.513,2025-01-16 03:36:38.632,0,1/1/1980,FEMALE,Aditional notes,123456789
96e4db95-fb2e-44f0-8ed7-1e446149a934,María Vargas,6785a2ebcc83a99047c4e3f7,María,Vargas,maría.vargas@gmail.com,ACTIVE,9ddfa180-72f3-4a1b-80bd-85beebd950e7,['ea20e6f0-363f-42f6-8ac6-213e8ae0c1e4'],"[{'street_address': '123 Main St', 'city': 'Springfield', 'state': 'Illinois', 'postal_code': '62701', 'country_code': 'US', 'type': 'home'}]","[{'number': '123456789', 'type': 'mobile'}]","[{'address': 'maría.vargas@gmail.com', 'type': 'work'}]",2025-01-14 02:46:10.996,2025-01-16 03:36:38.927,0,1/1/1980,FEMALE,Aditional notes,123456789
296401d1-b05c-4fe2-b99c-ae8c4deba7c4,Jorge Ortega,6785a2ebcc83a99047c4e3f7,Jorge,Ortega,jorge.ortega@gmail.com,ACTIVE,15c10bd7-d265-4ad1-b892-5c1a9339b0e0,['b0516ea5-e995-4f98-ab14-a8a7cb579c22'],"[{'street_address': '123 Main St', 'city': 'Springfield', 'state': 'Illinois', 'postal_code': '62701', 'country_code': 'US', 'type': 'home'}]","[{'number': '123456789', 'type': 'mobile'}]","[{'address': 'jorge.ortega@gmail.com', 'type': 'work'}]",2025-01-14 02:46:15.043,2025-01-16 03:36:39.254,0,1/1/1989,MALE,Aditional notes,123456789
3349e943-0920-42c6-920a-f79806d8f35f,Ana Ramírez,6785a2ebcc83a99047c4e3f7,Ana,Ramírez,ana.ramírez@gmail.com,ACTIVE,7356cbb1-51e2-4b51-9b96-4fa478d552e4,['99ff61b3-8969-490c-9931-a4549378b4ab'],"[{'street_address': '123 Main St', 'city': 'Springfield', 'state': 'Illinois', 'postal_code': '62701', 'country_code': 'US', 'type': 'home'}]","[{'number': '123456789', 'type': 'mobile'}]","[{'address': 'ana.ramírez@gmail.com', 'type': 'work'}]",2025-01-14 02:46:18.807,2025-01-16 03:36:39.559,0,1/1/1980,OTHER,Aditional notes,123456789
d43594d3-21b0-45d2-91d2-163fb9e7ba19,Miguel Morales,6785a2ebcc83a99047c4e3f7,Miguel,Morales,miguel.morales@gmail.com,ACTIVE,fea71c51-e01f-46a6-8de4-1e136e7ed0da,['ea20e6f0-363f-42f6-8ac6-213e8ae0c1e4'],"[{'street_address': '123 Main St', 'city': 'Springfield', 'state': 'Illinois', 'postal_code': '62701', 'country_code': 'US', 'type': 'home'}]","[{'number': '123456789', 'type': 'mobile'}]","[{'address': 'miguel.morales@gmail.com', 'type': 'work'}]",2025-01-14 02:46:22.976,2025-01-16 03:36:39.862,0,1/1/1980,FEMALE,Aditional notes,123456789
25e183a5-2d17-4e9c-bddb-800c7c7d6b67,Lucía Castro,6785a2ebcc83a99047c4e3f7,Lucía,Castro,lucía.castro@gmail.com,ACTIVE,b2575905-75e9-45df-bd55-bcff1f7961ce,['b0516ea5-e995-4f98-ab14-a8a7cb579c22'],"[{'street_address': '123 Main St', 'city': 'Springfield', 'state': 'Illinois', 'postal_code': '62701', 'country_code': 'US', 'type': 'home'}]","[{'number': '123456789', 'type': 'mobile'}]","[{'address': 'lucía.castro@gmail.com', 'type': 'work'}]",2025-01-14 02:46:27.076,2025-01-16 03:36:40.164,0,1/1/1980,OTHER,Aditional notes,123456789
0bd847dc-cb1e-41cb-8c08-8e8f32344f8d,Clara Vargas,6785a2ebcc83a99047c4e3f7,Clara,Vargas,clara.vargas@gmail.com,ACTIVE,4f64480c-fadf-4def-bd75-a334671181f6,['cfcac18c-f46b-410a-9fad-dd9778955387'],"[{'street_address': '123 Main St', 'city': 'Springfield', 'state': 'Illinois', 'postal_code': '62701', 'country_code': 'US', 'type': 'home'}]","[{'number': '123456789', 'type': 'mobile'}]","[{'address': 'clara.vargas@gmail.com', 'type': 'work'}]",2025-01-14 02:46:33.938,2025-01-16 03:36:46.291,0,1/1/1980,MALE,Aditional notes,123456789
32b676ff-9b74-494a-8c1d-65fd93f68132,Rosa Vargas,6785a2ebcc83a99047c4e3f7,Rosa,Vargas,rosa.vargas@gmail.com,ACTIVE,05470ca2-9ed5-4f5b-ab98-8a7fdeb9de30,['ea20e6f0-363f-42f6-8ac6-213e8ae0c1e4'],"[{'street_address': '123 Main St', 'city': 'Springfield', 'state': 'Illinois', 'postal_code': '62701', 'country_code': 'US', 'type': 'home'}]","[{'number': '123456789', 'type': 'mobile'}]","[{'address': 'rosa.vargas@gmail.com', 'type': 'work'}]",2025-01-14 02:46:37.814,2025-01-16 03:36:46.583,0,1/1/1980,OTHER,Aditional notes,123456789
95c28225-caaa-41d2-ba61-ca48ab69555c,Miguel Castro,6785a2ebcc83a99047c4e3f7,Miguel,Castro,miguel.castro@gmail.com,ACTIVE,697a64b0-8a3a-4753-81b7-655d4e311357,['cfcac18c-f46b-410a-9fad-dd9778955387'],"[{'street_address': '123 Main St', 'city': 'Springfield', 'state': 'Illinois', 'postal_code': '62701', 'country_code': 'US', 'type': 'home'}]","[{'number': '123456789', 'type': 'mobile'}]","[{'address': 'miguel.castro@gmail.com', 'type': 'work'}]",2025-01-14 02:46:42.662,2025-01-16 03:36:41.094,0,1/1/1980,OTHER,Aditional notes,123456789
8f231db7-8d94-4392-9fd2-8fee0939d184,Lucía Romero,6785a2ebcc83a99047c4e3f7,Lucía,Romero,lucía.romero@gmail.com,ACTIVE,5d9923e0-f525-4a00-9514-28b815c66ecc,['b0516ea5-e995-4f98-ab14-a8a7cb579c22'],"[{'street_address': '123 Main St', 'city': 'Springfield', 'state': 'Illinois', 'postal_code': '62701', 'country_code': 'US', 'type': 'home'}]","[{'number': '123456789', 'type': 'mobile'}]","[{'address': 'lucía.romero@gmail.com', 'type': 'work'}]",2025-01-14 02:46:46.908,2025-01-16 03:36:41.398,0,1/1/1980,OTHER,Aditional notes,123456789
eefcd2c4-a283-4006-8e99-8b34685683d5,Miguel Rodríguez,6785a2ebcc83a99047c4e3f7,Miguel,Rodríguez,miguel.rodríguez@gmail.com,ACTIVE,358c6287-3f54-42a5-be1c-198629d9efc7,['2e8ecac2-db84-417b-8d07-a5749f15ce43'],"[{'street_address': '123 Main St', 'city': 'Springfield', 'state': 'Illinois', 'postal_code': '62701', 'country_code': 'US', 'type': 'home'}]","[{'number': '123456789', 'type': 'mobile'}]","[{'address': 'miguel.rodríguez@gmail.com', 'type': 'work'}]",2025-01-14 02:46:51.130,2025-01-16 03:36:41.705,0,1/1/1980,FEMALE,Aditional notes,123456789
e02c7d01-ff00-42c3-b9d2-05d50156c197,Juan Ruiz,6785a2ebcc83a99047c4e3f7,Juan,Ruiz,juan.ruiz@gmail.com,ACTIVE,cfa91c4c-a831-4987-b4d9-dcd8fd19d82b,['b0516ea5-e995-4f98-ab14-a8a7cb579c22'],"[{'street_address': '123 Main St', 'city': 'Springfield', 'state': 'Illinois', 'postal_code': '62701', 'country_code': 'US', 'type': 'home'}]","[{'number': '123456789', 'type': 'mobile'}]","[{'address': 'juan.ruiz@gmail.com', 'type': 'work'}]",2025-01-14 02:46:54.363,2025-01-16 03:36:42.008,0,1/1/1980,FEMALE,Aditional notes,123456789
d89c9894-6cd1-4246-a2ea-91f49328044c,Francisco Vargas,6785a2ebcc83a99047c4e3f7,Francisco,Vargas,francisco.vargas@gmail.com,ACTIVE,7e8e5c81-a4d7-4489-907e-5364c6b807ba,['b0516ea5-e995-4f98-ab14-a8a7cb579c22'],"[{'street_address': '123 Main St', 'city': 'Springfield', 'state': 'Illinois', 'postal_code': '62701', 'country_code': 'US', 'type': 'home'}]","[{'number': '123456789', 'type': 'mobile'}]","[{'address': 'francisco.vargas@gmail.com', 'type': 'work'}]",2025-01-14 02:46:59.167,2025-01-16 03:36:42.304,0,1/1/1980,MALE,Aditional notes,123456789
33a50310-952c-4058-b85d-ffaeaff20827,Marta Romero,6785a2ebcc83a99047c4e3f7,Marta,Romero,marta.romero@gmail.com,ACTIVE,21d700a3-c762-4675-96a4-c468c291e46a,['99ff61b3-8969-490c-9931-a4549378b4ab'],"[{'street_address': '123 Main St', 'city': 'Springfield', 'state': 'Illinois', 'postal_code': '62701', 'country_code': 'US', 'type': 'home'}]","[{'number': '123456789', 'type': 'mobile'}]","[{'address': 'marta.romero@gmail.com', 'type': 'work'}]",2025-01-14 02:47:03.432,2025-01-16 03:36:42.611,0,1/1/1980,FEMALE,Aditional notes,123456789
e7d4c518-971e-490a-b938-212856a39da1,José López,6785a2ebcc83a99047c4e3f7,José,López,josé.lópez@gmail.com,ACTIVE,229d9dd9-b0ef-417b-9114-d0b27e311f0b,['2e8ecac2-db84-417b-8d07-a5749f15ce43'],"[{'street_address': '123 Main St', 'city': 'Springfield', 'state': 'Illinois', 'postal_code': '62701', 'country_code': 'US', 'type': 'home'}]","[{'number': '123456789', 'type': 'mobile'}]","[{'address': 'josé.lópez@gmail.com', 'type': 'work'}]",2025-01-14 02:47:08.322,2025-01-16 03:36:42.952,0,1/1/1980,OTHER,Aditional notes,123456789
caba13c0-b0b2-4e3c-877d-b7a7136b5a64,Sara Ruiz,6785a2ebcc83a99047c4e3f7,Sara,Ruiz,sara.ruiz@gmail.com,ACTIVE,bbebc863-8ab6-46eb-9246-e0f4a2d43ab7,['2e8ecac2-db84-417b-8d07-a5749f15ce43'],"[{'street_address': '123 Main St', 'city': 'Springfield', 'state': 'Illinois', 'postal_code': '62701', 'country_code': 'US', 'type': 'home'}]","[{'number': '123456789', 'type': 'mobile'}]","[{'address': 'sara.ruiz@gmail.com', 'type': 'work'}]",2025-01-14 02:47:11.455,2025-01-16 03:36:43.249,0,1/1/1980,OTHER,Aditional notes,123456789
2438d9bf-4eb6-490f-8428-1b911f33534f,José Morales,6785a2ebcc83a99047c4e3f7,José,Morales,josé.morales@gmail.com,ACTIVE,1381db63-744e-43dd-9541-b328f1725eaa,['2e8ecac2-db84-417b-8d07-a5749f15ce43'],"[{'street_address': '123 Main St', 'city': 'Springfield', 'state': 'Illinois', 'postal_code': '62701', 'country_code': 'US', 'type': 'home'}]","[{'number': '123456789', 'type': 'mobile'}]","[{'address': 'josé.morales@gmail.com', 'type': 'work'}]",2025-01-14 02:47:15.662,2025-01-16 03:36:43.556,0,1/1/1980,OTHER,Aditional notes,123456789
f359c828-6b05-46f6-9ca4-547115fc1770,Luis Hernández,6785a2ebcc83a99047c4e3f7,Luis,Hernández,luis.hernández@gmail.com,ACTIVE,225cef3e-8850-41c3-8089-5ee032ff0b7d,['99ff61b3-8969-490c-9931-a4549378b4ab'],"[{'street_address': '123 Main St', 'city': 'Springfield', 'state': 'Illinois', 'postal_code': '62701', 'country_code': 'US', 'type': 'home'}]","[{'number': '123456789', 'type': 'mobile'}]","[{'address': 'luis.hernández@gmail.com', 'type': 'work'}]",2025-01-14 02:47:19.864,2025-01-16 03:36:43.862,0,1/1/1980,OTHER,Aditional notes,123456789
5d00ec88-81a2-4ee9-8c28-aff3f2c2ebb9,Juan García,6785a2ebcc83a99047c4e3f7,Juan,García,juan.garcía@gmail.com,ACTIVE,8bd6a3be-eb7f-4655-a717-be5398b65247,['ea20e6f0-363f-42f6-8ac6-213e8ae0c1e4'],"[{'street_address': '123 Main St', 'city': 'Springfield', 'state': 'Illinois', 'postal_code': '62701', 'country_code': 'US', 'type': 'home'}]","[{'number': '123456789', 'type': 'mobile'}]","[{'address': 'juan.garcía@gmail.com', 'type': 'work'}]",2025-01-14 02:47:24.057,2025-01-16 03:36:44.163,0,1/1/1980,FEMALE,Aditional notes,123456789
69b01c41-e42e-4d6c-b292-0c57e9a2d936,Luis Martínez,6785a2ebcc83a99047c4e3f7,Luis,Martínez,luis.martínez@gmail.com,ACTIVE,4d914ff4-e595-43be-bad2-8ed8a7f1f5be,['b0516ea5-e995-4f98-ab14-a8a7cb579c22'],"[{'street_address': '123 Main St', 'city': 'Springfield', 'state': 'Illinois', 'postal_code': '62701', 'country_code': 'US', 'type': 'home'}]","[{'number': '123456789', 'type': 'mobile'}]","[{'address': 'luis.martínez@gmail.com', 'type': 'work'}]",2025-01-14 02:47:28.184,2025-01-16 03:36:44.462,0,1/1/1980,MALE,Aditional notes,123456789
154be181-6bed-4ebd-bbe3-aeacf5fcf7ef,Marta Castro,6785a2ebcc83a99047c4e3f7,Marta,Castro,marta.castro@gmail.com,ACTIVE,592f3907-b702-4309-850e-bcf75c611bf8,['b0516ea5-e995-4f98-ab14-a8a7cb579c22'],"[{'street_address': '123 Main St', 'city': 'Springfield', 'state': 'Illinois', 'postal_code': '62701', 'country_code': 'US', 'type': 'home'}]","[{'number': '123456789', 'type': 'mobile'}]","[{'address': 'marta.castro@gmail.com', 'type': 'work'}]",2025-01-14 02:47:31.442,2025-01-16 03:36:44.767,0,1/1/1980,MALE,Aditional notes,123456789
5ee9ddbe-0da3-40d7-b20a-d398026320cf,Jorge Ramírez,6785a2ebcc83a99047c4e3f7,Jorge,Ramírez,jorge.ramírez@gmail.com,ACTIVE,91864dc3-b582-44f3-ab4d-265249dc13ad,['cfcac18c-f46b-410a-9fad-dd9778955387'],"[{'street_address': '123 Main St', 'city': 'Springfield', 'state': 'Illinois', 'postal_code': '62701', 'country_code': 'US', 'type': 'home'}]","[{'number': '123456789', 'type': 'mobile'}]","[{'address': 'jorge.ramírez@gmail.com', 'type': 'work'}]",2025-01-14 02:47:35.637,2025-01-16 03:36:45.380,0,1/1/1980,OTHER,Aditional notes,123456789
c93f03b1-c9be-4155-922d-9babaec4e392,Rosa Díaz,6785a2ebcc83a99047c4e3f7,Rosa,Díaz,rosa.díaz@gmail.com,ACTIVE,5251319a-237e-431c-ba7f-bd81c22dde47,['ea20e6f0-363f-42f6-8ac6-213e8ae0c1e4'],"[{'street_address': '123 Main St', 'city': 'Springfield', 'state': 'Illinois', 'postal_code': '62701', 'country_code': 'US', 'type': 'home'}]","[{'number': '123456789', 'type': 'mobile'}]","[{'address': 'rosa.díaz@gmail.com', 'type': 'work'}]",2025-01-14 02:47:39.876,2025-01-16 03:36:45.681,0,1/1/1980,OTHER,Aditional notes,123456789
3c5f5a10-60e0-4a98-bf47-b9c3591e19d7,Rafael Castro,6785a2ebcc83a99047c4e3f7,Rafael,Castro,rafael.castro@gmail.com,ACTIVE,bce53fd3-aaab-44d9-a410-7034eac5967b,['b0516ea5-e995-4f98-ab14-a8a7cb579c22'],"[{'street_address': '123 Main St', 'city': 'Springfield', 'state': 'Illinois', 'postal_code': '62701', 'country_code': 'US', 'type': 'home'}]","[{'number': '123456789', 'type': 'mobile'}]","[{'address': 'rafael.castro@gmail.com', 'type': 'work'}]",2025-01-14 02:47:43.911,2025-01-16 03:36:45.982,0,1/1/1980,MALE,Aditional notes,123456789
cd6d27be-23db-49f1-96e9-2c2cb5632f88,Francisco Castro,6785a2ebcc83a99047c4e3f7,Francisco,Castro,francisco.castro@gmail.com,ACTIVE,0266afec-e291-44fd-885e-1aef174f2c41,['cfcac18c-f46b-410a-9fad-dd9778955387'],"[{'street_address': '123 Main St', 'city': 'Springfield', 'state': 'Illinois', 'postal_code': '62701', 'country_code': 'US', 'type': 'home'}]","[{'number': '123456789', 'type': 'mobile'}]","[{'address': 'francisco.castro@gmail.com', 'type': 'work'}]",2025-01-14 02:47:48.062,2025-01-16 03:36:46.877,0,1/1/1980,FEMALE,Aditional notes,123456789
cd16bf91-8df8-4702-9212-179aa97cf0fb,Elena Ortega,6785a2ebcc83a99047c4e3f7,Elena,Ortega,elena.ortega@gmail.com,ACTIVE,ef3f3a42-fdcf-4dc1-93d2-1e56db817373,['2e8ecac2-db84-417b-8d07-a5749f15ce43'],"[{'street_address': '123 Main St', 'city': 'Springfield', 'state': 'Illinois', 'postal_code': '62701', 'country_code': 'US', 'type': 'home'}]","[{'number': '123456789', 'type': 'mobile'}]","[{'address': 'elena.ortega@gmail.com', 'type': 'work'}]",2025-01-14 02:47:52.059,2025-01-16 03:36:47.189,0,1/1/1980,FEMALE,Aditional notes,123456789
c83ce4e4-f8a3-4c57-9245-443f6898beaf,Luis Castro,6785a2ebcc83a99047c4e3f7,Luis,Castro,luis.castro@gmail.com,ACTIVE,6cb99e94-4057-4e58-bfc5-94b3c1851278,['cfcac18c-f46b-410a-9fad-dd9778955387'],"[{'street_address': '123 Main St', 'city': 'Springfield', 'state': 'Illinois', 'postal_code': '62701', 'country_code': 'US', 'type': 'home'}]","[{'number': '123456789', 'type': 'mobile'}]","[{'address': 'luis.castro@gmail.com', 'type': 'work'}]",2025-01-14 02:47:56.240,2025-01-16 03:36:47.532,0,1/1/1980,MALE,Aditional notes,123456789
db6c6a78-9d3b-4018-b29e-28cf2459b40f,Sara González,6785a2ebcc83a99047c4e3f7,Sara,González,sara.gonzález@gmail.com,ACTIVE,8e5d95f4-44c7-4b6b-a9fc-7461a602f636,['99ff61b3-8969-490c-9931-a4549378b4ab'],"[{'street_address': '123 Main St', 'city': 'Springfield', 'state': 'Illinois', 'postal_code': '62701', 'country_code': 'US', 'type': 'home'}]","[{'number': '123456789', 'type': 'mobile'}]","[{'address': 'sara.gonzález@gmail.com', 'type': 'work'}]",2025-01-14 02:47:59.633,2025-01-16 03:36:47.851,0,1/1/1980,OTHER,Aditional notes,123456789
3098c4a6-4864-4854-8afa-994621b18549,Antonio Martínez,6785a2ebcc83a99047c4e3f7,Antonio,Martínez,antonio.martínez@gmail.com,ACTIVE,bfd29d89-c09d-46c8-ae62-0a4d18c1b1f7,['b0516ea5-e995-4f98-ab14-a8a7cb579c22'],"[{'street_address': '123 Main St', 'city': 'Springfield', 'state': 'Illinois', 'postal_code': '62701', 'country_code': 'US', 'type': 'home'}]","[{'number': '123456789', 'type': 'mobile'}]","[{'address': 'antonio.martínez@gmail.com', 'type': 'work'}]",2025-01-14 02:48:02.838,2025-01-16 03:36:48.170,0,1/1/1980,OTHER,Aditional notes,123456789
2314cd49-8c5a-48cb-9bb8-ff5676da154e,Jorge Martinez,6785a2ebcc83a99047c4e3f7,Jorge,Martinez,jorgemartinez.jam@gmail.com,ACTIVE,90bfbb41-4980-4196-b646-716ec118a711,[],[],[],[],2025-01-14 16:22:53.916,2025-01-14 16:22:53.916,0,,,,
9cb519ae-85de-48b1-86bd-3771ecf8cb19,Jorge Martínez,6785a2ebcc83a99047c4e3f7,Jorge,Martínez,jorge@email.com,ACTIVE,3eb99fdc-8c5e-47f4-a54f-ff2ac95aed1c,[],[],[],[],2025-01-14 16:31:25.405,2025-01-14 16:31:25.405,0,,,,
853da449-2fa2-4529-a26d-eebafc0a5765,Martínez Jorge,6785a2ebcc83a99047c4e3f7,Martínez,Jorge,jorge1@email.com,ACTIVE,f15310ea-d965-4bfc-a6c2-c21a23059089,[],[],[],[],2025-01-14 18:15:47.150,2025-01-14 18:15:47.150,0,,,,
5b28fc00-ec84-4af3-b3b1-fc35a10d048c,Martínez Jorge,6785a2ebcc83a99047c4e3f7,Martínez,Jorge,jorge2@email.com,ACTIVE,3ccf8a12-7411-46a8-a860-3f7d8c6cb8c3,[],[],[],[],2025-01-14 18:52:41.814,2025-01-14 18:52:41.814,0,,,,
02b40c88-2709-49ad-ad12-ad4f0968ad11,Camarena Frank,6785a2ebcc83a99047c4e3f7,Camarena,Frank,f10frank@msn.com,ACTIVE,fd97bb91-0731-4fb6-98fc-26d372b38292,[],[],[],[],2025-01-14 19:11:20.599,2025-01-14 19:11:20.599,0,,,,
6aff2788-92c8-416b-bc07-aeda61383094,Jose Antonio Rojas,6785a2ebcc83a99047c4e3f7,Jose Antonio,Rojas,jue16571@gmail.com,ACTIVE,3a44c0c0-a961-4883-886d-db3676f1f598,[],[],[],[],2025-01-14 21:29:58.526,2025-01-14 21:29:58.526,0,,,,
7e09142b-f1be-4d85-8739-b922123695e1,Frank Camarena,6785a2ebcc83a99047c4e3f4,Frank,Camarena,frank@email.com,ACTIVE,4a322332-413c-4101-9802-3177e2ab6003,[],[],[],[],2025-01-15 00:11:25.188,2025-01-15 00:11:25.188,0,,,,
5c293185-1bbc-48f3-865c-120224c98309,Jorge Martínez,6785a2ebcc83a99047c4e3f4,Jorge,Martínez,jorgeadmin@email.com,ACTIVE,c1e0f892-6f37-45dd-ab5f-678d34227c69,[],[],[],[],2025-01-16 01:48:16.123,2025-01-16 01:48:16.123,0,,,,
